run_id,role,ledger_charged_usd,mode,task,status,valid_for_comparison,outcome_recorded,strict_recorded,scorer_recorded,outcome_current,strict_current,scorer_current,completed,checks_total,checks_passed,stale_checks,import_error,evaluation_error,final_stage_passed,final_stage_total,final_stage_stale,replaced_passed,replaced_total,replaced_stale,retained_passed,retained_total,retained_stale,provider_calls,action_calls,repair_calls,summary_calls,api_retries,executions,edit_attempts,edits_accepted_changed,edits_rejected,summaries_applied,recovery_requests,pressure_steps,input_tokens,output_tokens,peak_request_input_tokens,cost_usd,elapsed_s,prompt_version,fixture_sha256,request_layout,prompt_caching,cache_ttl,run_isolation,cache_read_input_tokens,cache_creation_input_tokens,first_call_cache_read_tokens,provider_latency_s,action_cost_usd,action_cache_read_tokens,action_cache_creation_tokens,action_uncached_input_tokens,action_latency_s,summary_cost_usd,summary_cache_read_tokens,summary_cache_creation_tokens,summary_uncached_input_tokens,summary_latency_s,mgmt_stages_total,mgmt_stages_released,mgmt_first_pressure_step,mgmt_first_pressure_stage,mgmt_edit_effective_steps,mgmt_summary_steps,mgmt_spill_steps,mgmt_recovery_steps,mgmt_first_management_step,mgmt_first_management_stage,mgmt_action_steps_after_first_management,mgmt_executions_after_first_management,mgmt_advances_after_first_management,mgmt_premature_finals,mgmt_timeline
20261004T233901-summary-cacheoff-coding-dev-1-8371,calibration,0.266664,summary,coding-dev-1,completed,True,correct,True,invoice-checks/1,correct,True,invoice-checks/1,True,24,24,0,,,4,4,0,12,12,0,8,8,0,11,10,0,1,0,6,0,0,0,1,0,1,43846,4564,5447,0.266664,68.3,2026-10-04.1,1d3f7f25e9b2ede7f9f3e38af1187a3dedd74770747f98160ffcfe17974217ac,blocks/1,off,,run-tag/1,0,0,0,58.348,0.228676,0,0,39969,47.712,0.037988,0,0,3877,10.636,4,4,7,3,[],[7],[],[],7,3,4,2,1,0,"[{""step"": 1, ""stage"": 1, ""est_request_tokens"": 1161, ""pressure_before_management"": false, ""pressure"": false, ""recovery"": false, ""reported_input_tokens"": 1536, ""cache_read_input_tokens"": 0, ""cache_creation_input_tokens"": 0, ""uncached_input_tokens"": 1536, ""action"": ""execute""}, {""step"": 2, ""stage"": 1, ""est_request_tokens"": 2342, ""pressure_before_management"": false, ""pressure"": false, ""recovery"": false, ""reported_input_tokens"": 2730, ""cache_read_input_tokens"": 0, ""cache_creation_input_tokens"": 0, ""uncached_input_tokens"": 2730, ""action"": ""execute""}, {""step"": 3, ""stage"": 1, ""est_request_tokens"": 3280, ""pressure_before_management"": false, ""pressure"": false, ""recovery"": false, ""reported_input_tokens"": 3594, ""cache_read_input_tokens"": 0, ""cache_creation_input_tokens"": 0, ""uncached_input_tokens"": 3594, ""action"": ""advance""}, {""step"": 4, ""stage"": 2, ""est_request_tokens"": 3758, ""pressure_before_management"": false, ""pressure"": false, ""recovery"": false, ""reported_input_tokens"": 3956, ""cache_read_input_tokens"": 0, ""cache_creation_input_tokens"": 0, ""uncached_input_tokens"": 3956, ""action"": ""execute""}, {""step"": 5, ""stage"": 2, ""est_request_tokens"": 4388, ""pressure_before_management"": false, ""pressure"": false, ""recovery"": false, ""reported_input_tokens"": 4563, ""cache_read_input_tokens"": 0, ""cache_creation_input_tokens"": 0, ""uncached_input_tokens"": 4563, ""action"": ""advance""}, {""step"": 6, ""stage"": 3, ""est_request_tokens"": 4942, ""pressure_before_management"": false, ""pressure"": false, ""recovery"": false, ""reported_input_tokens"": 5000, ""cache_read_input_tokens"": 0, ""cache_creation_input_tokens"": 0, ""uncached_input_tokens"": 5000, ""action"": ""execute""}, {""step"": 7, ""stage"": 3, ""est_request_tokens"": 3991, ""pressure_before_management"": true, ""pressure"": false, ""recovery"": false, ""reported_input_tokens"": 3986, ""cache_read_input_tokens"": 0, ""cache_creation_input_tokens"": 0, ""uncached_input_tokens"": 3986, ""action"": ""advance""}, {""step"": 8, ""stage"": 4, ""est_request_tokens"": 4413, ""pressure_before_management"": false, ""pressure"": false, ""recovery"": false, ""reported_input_tokens"": 4423, ""cache_read_input_tokens"": 0, ""cache_creation_input_tokens"": 0, ""uncached_input_tokens"": 4423, ""action"": ""execute""}, {""step"": 9, ""stage"": 4, ""est_request_tokens"": 4703, ""pressure_before_management"": false, ""pressure"": false, ""recovery"": false, ""reported_input_tokens"": 4734, ""cache_read_input_tokens"": 0, ""cache_creation_input_tokens"": 0, ""uncached_input_tokens"": 4734, ""action"": ""execute""}, {""step"": 10, ""stage"": 4, ""est_request_tokens"": 5385, ""pressure_before_management"": false, ""pressure"": false, ""recovery"": false, ""reported_input_tokens"": 5447, ""cache_read_input_tokens"": 0, ""cache_creation_input_tokens"": 0, ""uncached_input_tokens"": 5447, ""action"": ""final""}]"
20261004T234009-summary-cacheon-coding-dev-1-b2b6,calibration,0.160972,summary,coding-dev-1,completed,True,correct,True,invoice-checks/1,correct,True,invoice-checks/1,True,24,24,0,,,4,4,0,12,12,0,8,8,0,11,10,0,1,0,6,0,0,0,1,0,1,1114,4398,5347,0.160971,68.6,2026-10-04.1,1d3f7f25e9b2ede7f9f3e38af1187a3dedd74770747f98160ffcfe17974217ac,blocks/1,on,5m,run-tag/1,30049,12509,0,59.563,0.119412,30049,8677,1079,48.867,0.04156,0,3832,35,10.696,4,4,7,3,[],[7],[],[],7,3,4,2,1,0,"[{""step"": 1, ""stage"": 1, ""est_request_tokens"": 1161, ""pressure_before_management"": false, ""pressure"": false, ""recovery"": false, ""reported_input_tokens"": 1537, ""cache_read_input_tokens"": 0, ""cache_creation_input_tokens"": 1430, ""uncached_input_tokens"": 107, ""action"": ""execute""}, {""step"": 2, ""stage"": 1, ""est_request_tokens"": 2352, ""pressure_before_management"": false, ""pressure"": false, ""recovery"": false, ""reported_input_tokens"": 2751, ""cache_read_input_tokens"": 1430, ""cache_creation_input_tokens"": 1213, ""uncached_input_tokens"": 108, ""action"": ""execute""}, {""step"": 3, ""stage"": 1, ""est_request_tokens"": 3282, ""pressure_before_management"": false, ""pressure"": false, ""recovery"": false, ""reported_input_tokens"": 3611, ""cache_read_input_tokens"": 2643, ""cache_creation_input_tokens"": 860, ""uncached_input_tokens"": 108, ""action"": ""advance""}, {""step"": 4, ""stage"": 2, ""est_request_tokens"": 3768, ""pressure_before_management"": false, ""pressure"": false, ""recovery"": false, ""reported_input_tokens"": 3973, ""cache_read_input_tokens"": 3503, ""cache_creation_input_tokens"": 362, ""uncached_input_tokens"": 108, ""action"": ""execute""}, {""step"": 5, ""stage"": 2, ""est_request_tokens"": 4388, ""pressure_before_management"": false, ""pressure"": false, ""recovery"": false, ""reported_input_tokens"": 4553, ""cache_read_input_tokens"": 3865, ""cache_creation_input_tokens"": 580, ""uncached_input_tokens"": 108, ""action"": ""advance""}, {""step"": 6, ""stage"": 3, ""est_request_tokens"": 4925, ""pressure_before_management"": false, ""pressure"": false, ""recovery"": false, ""reported_input_tokens"": 4976, ""cache_read_input_tokens"": 4445, ""cache_creation_input_tokens"": 423, ""uncached_input_tokens"": 108, ""action"": ""execute""}, {""step"": 7, ""stage"": 3, ""est_request_tokens"": 3936, ""pressure_before_management"": true, ""pressure"": false, ""recovery"": false, ""reported_input_tokens"": 3914, ""cache_read_input_tokens"": 1430, ""cache_creation_input_tokens"": 2376, ""uncached_input_tokens"": 108, ""action"": ""advance""}, {""step"": 8, ""stage"": 4, ""est_request_tokens"": 4336, ""pressure_before_management"": false, ""pressure"": false, ""recovery"": false, ""reported_input_tokens"": 4337, ""cache_read_input_tokens"": 3806, ""cache_creation_input_tokens"": 423, ""uncached_input_tokens"": 108, ""action"": ""execute""}, {""step"": 9, ""stage"": 4, ""est_request_tokens"": 4739, ""pressure_before_management"": false, ""pressure"": false, ""recovery"": false, ""reported_input_tokens"": 4806, ""cache_read_input_tokens"": 4229, ""cache_creation_input_tokens"": 469, ""uncached_input_tokens"": 108, ""action"": ""execute""}, {""step"": 10, ""stage"": 4, ""est_request_tokens"": 5282, ""pressure_before_management"": false, ""pressure"": false, ""recovery"": false, ""reported_input_tokens"": 5347, ""cache_read_input_tokens"": 4698, ""cache_creation_input_tokens"": 541, ""uncached_input_tokens"": 108, ""action"": ""final""}]"
20261004T234117-clm-cacheon-coding-dev-1-3845,calibration,0.116759,clm,coding-dev-1,completed,True,correct,True,invoice-checks/1,correct,True,invoice-checks/1,True,24,24,0,,,4,4,0,12,12,0,8,8,0,11,11,0,0,0,7,2,2,0,0,0,0,1187,3076,4874,0.116758,53.8,2026-10-04.1,1d3f7f25e9b2ede7f9f3e38af1187a3dedd74770747f98160ffcfe17974217ac,blocks/1,on,5m,run-tag/1,27952,8980,0,43.129,0.116759,27952,8980,1187,43.129,,,,,,4,4,,,"[5, 8]",[],[],[],5,2,7,4,2,0,"[{""step"": 1, ""stage"": 1, ""est_request_tokens"": 1441, ""pressure_before_management"": false, ""pressure"": false, ""recovery"": false, ""reported_input_tokens"": 1833, ""cache_read_input_tokens"": 0, ""cache_creation_input_tokens"": 1726, ""uncached_input_tokens"": 107, ""action"": ""execute""}, {""step"": 2, ""stage"": 1, ""est_request_tokens"": 2607, ""pressure_before_management"": false, ""pressure"": false, ""recovery"": false, ""reported_input_tokens"": 3016, ""cache_read_input_tokens"": 1726, ""cache_creation_input_tokens"": 1182, ""uncached_input_tokens"": 108, ""action"": ""execute""}, {""step"": 3, ""stage"": 1, ""est_request_tokens"": 3353, ""pressure_before_management"": false, ""pressure"": false, ""recovery"": false, ""reported_input_tokens"": 3691, ""cache_read_input_tokens"": 2908, ""cache_creation_input_tokens"": 675, ""uncached_input_tokens"": 108, ""action"": ""advance""}, {""step"": 4, ""stage"": 2, ""est_request_tokens"": 3836, ""pressure_before_management"": false, ""pressure"": false, ""recovery"": false, ""reported_input_tokens"": 4053, ""cache_read_input_tokens"": 3583, ""cache_creation_input_tokens"": 362, ""uncached_input_tokens"": 108, ""action"": ""execute""}, {""step"": 5, ""stage"": 2, ""est_request_tokens"": 2693, ""pressure_before_management"": false, ""pressure"": false, ""recovery"": false, ""reported_input_tokens"": 2769, ""cache_read_input_tokens"": 1726, ""cache_creation_input_tokens"": 935, ""uncached_input_tokens"": 108, ""action"": ""advance""}, {""step"": 6, ""stage"": 3, ""est_request_tokens"": 3174, ""pressure_before_management"": false, ""pressure"": false, ""recovery"": false, ""reported_input_tokens"": 3192, ""cache_read_input_tokens"": 2661, ""cache_creation_input_tokens"": 423, ""uncached_input_tokens"": 108, ""action"": ""execute""}, {""step"": 7, ""stage"": 3, ""est_request_tokens"": 3733, ""pressure_before_management"": false, ""pressure"": false, ""recovery"": false, ""reported_input_tokens"": 3829, ""cache_read_input_tokens"": 3084, ""cache_creation_input_tokens"": 637, ""uncached_input_tokens"": 108, ""action"": ""execute""}, {""step"": 8, ""stage"": 3, ""est_request_tokens"": 2993, ""pressure_before_management"": false, ""pressure"": false, ""recovery"": false, ""reported_input_tokens"": 3056, ""cache_read_input_tokens"": 1726, ""cache_creation_input_tokens"": 1222, ""uncached_input_tokens"": 108, ""action"": ""advance""}, {""step"": 9, ""stage"": 4, ""est_request_tokens"": 3434, ""pressure_before_management"": false, ""pressure"": false, ""recovery"": false, ""reported_input_tokens"": 3479, ""cache_read_input_tokens"": 2948, ""cache_creation_input_tokens"": 423, ""uncached_input_tokens"": 108, ""action"": ""execute""}, {""step"": 10, ""stage"": 4, ""est_request_tokens"": 4208, ""pressure_before_management"": false, ""pressure"": false, ""recovery"": false, ""reported_input_tokens"": 4327, ""cache_read_input_tokens"": 3371, ""cache_creation_input_tokens"": 848, ""uncached_input_tokens"": 108, ""action"": ""execute""}, {""step"": 11, ""stage"": 4, ""est_request_tokens"": 4777, ""pressure_before_management"": false, ""pressure"": false, ""recovery"": false, ""reported_input_tokens"": 4874, ""cache_read_input_tokens"": 4219, ""cache_creation_input_tokens"": 547, ""uncached_input_tokens"": 108, ""action"": ""final""}]"
20261004T234211-clm-cacheoff-coding-dev-1-55d8,calibration,0.212552,clm,coding-dev-1,completed,True,correct,True,invoice-checks/1,correct,True,invoice-checks/1,True,24,24,0,,,4,4,0,12,12,0,8,8,0,11,11,0,0,0,7,2,2,0,0,0,0,37398,3148,4506,0.212552,57.8,2026-10-04.1,1d3f7f25e9b2ede7f9f3e38af1187a3dedd74770747f98160ffcfe17974217ac,blocks/1,off,,run-tag/1,0,0,0,46.296,0.212552,0,0,37398,46.296,,,,,,4,4,,,"[5, 8]",[],[],[],5,2,7,4,2,0,"[{""step"": 1, ""stage"": 1, ""est_request_tokens"": 1441, ""pressure_before_management"": false, ""pressure"": false, ""recovery"": false, ""reported_input_tokens"": 1835, ""cache_read_input_tokens"": 0, ""cache_creation_input_tokens"": 0, ""uncached_input_tokens"": 1835, ""action"": ""execute""}, {""step"": 2, ""stage"": 1, ""est_request_tokens"": 2597, ""pressure_before_management"": false, ""pressure"": false, ""recovery"": false, ""reported_input_tokens"": 3003, ""cache_read_input_tokens"": 0, ""cache_creation_input_tokens"": 0, ""uncached_input_tokens"": 3003, ""action"": ""execute""}, {""step"": 3, ""stage"": 1, ""est_request_tokens"": 3329, ""pressure_before_management"": false, ""pressure"": false, ""recovery"": false, ""reported_input_tokens"": 3665, ""cache_read_input_tokens"": 0, ""cache_creation_input_tokens"": 0, ""uncached_input_tokens"": 3665, ""action"": ""advance""}, {""step"": 4, ""stage"": 2, ""est_request_tokens"": 3811, ""pressure_before_management"": false, ""pressure"": false, ""recovery"": false, ""reported_input_tokens"": 4027, ""cache_read_input_tokens"": 0, ""cache_creation_input_tokens"": 0, ""uncached_input_tokens"": 4027, ""action"": ""execute""}, {""step"": 5, ""stage"": 2, ""est_request_tokens"": 2690, ""pressure_before_management"": false, ""pressure"": false, ""recovery"": false, ""reported_input_tokens"": 2776, ""cache_read_input_tokens"": 0, ""cache_creation_input_tokens"": 0, ""uncached_input_tokens"": 2776, ""action"": ""advance""}, {""step"": 6, ""stage"": 3, ""est_request_tokens"": 3177, ""pressure_before_management"": false, ""pressure"": false, ""recovery"": false, ""reported_input_tokens"": 3199, ""cache_read_input_tokens"": 0, ""cache_creation_input_tokens"": 0, ""uncached_input_tokens"": 3199, ""action"": ""execute""}, {""step"": 7, ""stage"": 3, ""est_request_tokens"": 3732, ""pressure_before_management"": false, ""pressure"": false, ""recovery"": false, ""reported_input_tokens"": 3829, ""cache_read_input_tokens"": 0, ""cache_creation_input_tokens"": 0, ""uncached_input_tokens"": 3829, ""action"": ""execute""}, {""step"": 8, ""stage"": 3, ""est_request_tokens"": 3030, ""pressure_before_management"": false, ""pressure"": false, ""recovery"": false, ""reported_input_tokens"": 3097, ""cache_read_input_tokens"": 0, ""cache_creation_input_tokens"": 0, ""uncached_input_tokens"": 3097, ""action"": ""advance""}, {""step"": 9, ""stage"": 4, ""est_request_tokens"": 3474, ""pressure_before_management"": false, ""pressure"": false, ""recovery"": false, ""reported_input_tokens"": 3520, ""cache_read_input_tokens"": 0, ""cache_creation_input_tokens"": 0, ""uncached_input_tokens"": 3520, ""action"": ""execute""}, {""step"": 10, ""stage"": 4, ""est_request_tokens"": 3897, ""pressure_before_management"": false, ""pressure"": false, ""recovery"": false, ""reported_input_tokens"": 3941, ""cache_read_input_tokens"": 0, ""cache_creation_input_tokens"": 0, ""uncached_input_tokens"": 3941, ""action"": ""execute""}, {""step"": 11, ""stage"": 4, ""est_request_tokens"": 4441, ""pressure_before_management"": false, ""pressure"": false, ""recovery"": false, ""reported_input_tokens"": 4506, ""cache_read_input_tokens"": 0, ""cache_creation_input_tokens"": 0, ""uncached_input_tokens"": 4506, ""action"": ""final""}]"
20261004T234408-summary-cacheoff-coding-eval-1-5d4e,evaluation,0.257972,summary,coding-eval-1,completed,True,correct,True,invoice-checks/1,correct,True,invoice-checks/1,True,28,28,0,,,8,8,0,12,12,0,8,8,0,10,9,0,1,0,5,0,0,0,1,0,1,40073,4884,5208,0.257972,74.6,2026-10-04.1,0f8dedc5f60071e74599a5ae03b2dc3c65c1f14ac44b8510986bf82f2bd6e8a6,blocks/1,off,,run-tag/1,0,0,0,61.502,0.213852,0,0,35568,48.597,0.04412,0,0,4505,12.905,4,4,7,3,[],[7],[],[],7,3,3,1,1,0,"[{""step"": 1, ""stage"": 1, ""est_request_tokens"": 1161, ""pressure_before_management"": false, ""pressure"": false, ""recovery"": false, ""reported_input_tokens"": 1539, ""cache_read_input_tokens"": 0, ""cache_creation_input_tokens"": 0, ""uncached_input_tokens"": 1539, ""action"": ""execute""}, {""step"": 2, ""stage"": 1, ""est_request_tokens"": 2331, ""pressure_before_management"": false, ""pressure"": false, ""recovery"": false, ""reported_input_tokens"": 2736, ""cache_read_input_tokens"": 0, ""cache_creation_input_tokens"": 0, ""uncached_input_tokens"": 2736, ""action"": ""execute""}, {""step"": 3, ""stage"": 1, ""est_request_tokens"": 3210, ""pressure_before_management"": false, ""pressure"": false, ""recovery"": false, ""reported_input_tokens"": 3578, ""cache_read_input_tokens"": 0, ""cache_creation_input_tokens"": 0, ""uncached_input_tokens"": 3578, ""action"": ""advance""}, {""step"": 4, ""stage"": 2, ""est_request_tokens"": 3762, ""pressure_before_management"": false, ""pressure"": false, ""recovery"": false, ""reported_input_tokens"": 3959, ""cache_read_input_tokens"": 0, ""cache_creation_input_tokens"": 0, ""uncached_input_tokens"": 3959, ""action"": ""execute""}, {""step"": 5, ""stage"": 2, ""est_request_tokens"": 4589, ""pressure_before_management"": false, ""pressure"": false, ""recovery"": false, ""reported_input_tokens"": 4750, ""cache_read_input_tokens"": 0, ""cache_creation_input_tokens"": 0, ""uncached_input_tokens"": 4750, ""action"": ""advance""}, {""step"": 6, ""stage"": 3, ""est_request_tokens"": 5137, ""pressure_before_management"": false, ""pressure"": false, ""recovery"": false, ""reported_input_tokens"": 5191, ""cache_read_input_tokens"": 0, ""cache_creation_input_tokens"": 0, ""uncached_input_tokens"": 5191, ""action"": ""execute""}, {""step"": 7, ""stage"": 3, ""est_request_tokens"": 4053, ""pressure_before_management"": true, ""pressure"": false, ""recovery"": false, ""reported_input_tokens"": 4064, ""cache_read_input_tokens"": 0, ""cache_creation_input_tokens"": 0, ""uncached_input_tokens"": 4064, ""action"": ""advance""}, {""step"": 8, ""stage"": 4, ""est_request_tokens"": 4525, ""pressure_before_management"": false, ""pressure"": false, ""recovery"": false, ""reported_input_tokens"": 4543, ""cache_read_input_tokens"": 0, ""cache_creation_input_tokens"": 0, ""uncached_input_tokens"": 4543, ""action"": ""execute""}, {""step"": 9, ""stage"": 4, ""est_request_tokens"": 5154, ""pressure_before_management"": false, ""pressure"": false, ""recovery"": false, ""reported_input_tokens"": 5208, ""cache_read_input_tokens"": 0, ""cache_creation_input_tokens"": 0, ""uncached_input_tokens"": 5208, ""action"": ""final""}]"
20261004T234523-summary-cacheon-coding-eval-1-8f9b,evaluation,0.169371,summary,coding-eval-1,completed,True,correct,True,invoice-checks/1,correct,True,invoice-checks/1,True,28,28,0,,,8,8,0,12,12,0,8,8,0,10,9,0,1,0,5,0,0,0,1,0,1,1006,4782,5102,0.16937,72.1,2026-10-04.1,0f8dedc5f60071e74599a5ae03b2dc3c65c1f14ac44b8510986bf82f2bd6e8a6,blocks/1,on,5m,run-tag/1,25530,12920,0,61.773,0.123016,25530,8549,971,49.668,0.046355,0,4371,35,12.105,4,4,7,3,[],[7],[],[],7,3,3,1,1,0,"[{""step"": 1, ""stage"": 1, ""est_request_tokens"": 1161, ""pressure_before_management"": false, ""pressure"": false, ""recovery"": false, ""reported_input_tokens"": 1536, ""cache_read_input_tokens"": 0, ""cache_creation_input_tokens"": 1429, ""uncached_input_tokens"": 107, ""action"": ""execute""}, {""step"": 2, ""stage"": 1, ""est_request_tokens"": 2336, ""pressure_before_management"": false, ""pressure"": false, ""recovery"": false, ""reported_input_tokens"": 2737, ""cache_read_input_tokens"": 1429, ""cache_creation_input_tokens"": 1200, ""uncached_input_tokens"": 108, ""action"": ""execute""}, {""step"": 3, ""stage"": 1, ""est_request_tokens"": 3223, ""pressure_before_management"": false, ""pressure"": false, ""recovery"": false, ""reported_input_tokens"": 3567, ""cache_read_input_tokens"": 2629, ""cache_creation_input_tokens"": 830, ""uncached_input_tokens"": 108, ""action"": ""advance""}, {""step"": 4, ""stage"": 2, ""est_request_tokens"": 3762, ""pressure_before_management"": false, ""pressure"": false, ""recovery"": false, ""reported_input_tokens"": 3948, ""cache_read_input_tokens"": 3459, ""cache_creation_input_tokens"": 381, ""uncached_input_tokens"": 108, ""action"": ""execute""}, {""step"": 5, ""stage"": 2, ""est_request_tokens"": 4523, ""pressure_before_management"": false, ""pressure"": false, ""recovery"": false, ""reported_input_tokens"": 4665, ""cache_read_input_tokens"": 3840, ""cache_creation_input_tokens"": 717, ""uncached_input_tokens"": 108, ""action"": ""advance""}, {""step"": 6, ""stage"": 3, ""est_request_tokens"": 5043, ""pressure_before_management"": false, ""pressure"": false, ""recovery"": false, ""reported_input_tokens"": 5092, ""cache_read_input_tokens"": 4557, ""cache_creation_input_tokens"": 427, ""uncached_input_tokens"": 108, ""action"": ""execute""}, {""step"": 7, ""stage"": 3, ""est_request_tokens"": 3941, ""pressure_before_management"": true, ""pressure"": false, ""recovery"": false, ""reported_input_tokens"": 3962, ""cache_read_input_tokens"": 1429, ""cache_creation_input_tokens"": 2425, ""uncached_input_tokens"": 108, ""action"": ""advance""}, {""step"": 8, ""stage"": 4, ""est_request_tokens"": 4415, ""pressure_before_management"": false, ""pressure"": false, ""recovery"": false, ""reported_input_tokens"": 4441, ""cache_read_input_tokens"": 3854, ""cache_creation_input_tokens"": 479, ""uncached_input_tokens"": 108, ""action"": ""execute""}, {""step"": 9, ""stage"": 4, ""est_request_tokens"": 5052, ""pressure_before_management"": false, ""pressure"": false, ""recovery"": false, ""reported_input_tokens"": 5102, ""cache_read_input_tokens"": 4333, ""cache_creation_input_tokens"": 661, ""uncached_input_tokens"": 108, ""action"": ""final""}]"
20261004T234635-clm-cacheon-coding-eval-1-769d,evaluation,0.148492,clm,coding-eval-1,completed,True,correct,True,invoice-checks/1,correct,True,invoice-checks/1,True,28,28,0,,,8,8,0,12,12,0,8,8,0,11,11,0,0,0,7,4,4,0,0,0,1,1228,3665,6501,0.148493,64.9,2026-10-04.1,0f8dedc5f60071e74599a5ae03b2dc3c65c1f14ac44b8510986bf82f2bd6e8a6,blocks/1,on,5m,run-tag/1,23831,13103,0,50.772,0.148492,23831,13103,1228,50.772,,,,,,4,4,10,4,"[3, 5, 8, 11]",[],[],[],3,1,9,5,3,0,"[{""step"": 1, ""stage"": 1, ""est_request_tokens"": 1441, ""pressure_before_management"": false, ""pressure"": false, ""recovery"": false, ""reported_input_tokens"": 1829, ""cache_read_input_tokens"": 0, ""cache_creation_input_tokens"": 1722, ""uncached_input_tokens"": 107, ""action"": ""execute""}, {""step"": 2, ""stage"": 1, ""est_request_tokens"": 2604, ""pressure_before_management"": false, ""pressure"": false, ""recovery"": false, ""reported_input_tokens"": 3031, ""cache_read_input_tokens"": 1722, ""cache_creation_input_tokens"": 1201, ""uncached_input_tokens"": 108, ""action"": ""execute""}, {""step"": 3, ""stage"": 1, ""est_request_tokens"": 2514, ""pressure_before_management"": false, ""pressure"": false, ""recovery"": false, ""reported_input_tokens"": 2799, ""cache_read_input_tokens"": 1722, ""cache_creation_input_tokens"": 969, ""uncached_input_tokens"": 108, ""action"": ""advance""}, {""step"": 4, ""stage"": 2, ""est_request_tokens"": 3018, ""pressure_before_management"": false, ""pressure"": false, ""recovery"": false, ""reported_input_tokens"": 3180, ""cache_read_input_tokens"": 2691, ""cache_creation_input_tokens"": 381, ""uncached_input_tokens"": 108, ""action"": ""execute""}, {""step"": 5, ""stage"": 2, ""est_request_tokens"": 2890, ""pressure_before_management"": false, ""pressure"": false, ""recovery"": false, ""reported_input_tokens"": 2951, ""cache_read_input_tokens"": 1722, ""cache_creation_input_tokens"": 1121, ""uncached_input_tokens"": 108, ""action"": ""advance""}, {""step"": 6, ""stage"": 3, ""est_request_tokens"": 3361, ""pressure_before_management"": false, ""pressure"": false, ""recovery"": false, ""reported_input_tokens"": 3378, ""cache_read_input_tokens"": 2843, ""cache_creation_input_tokens"": 427, ""uncached_input_tokens"": 108, ""action"": ""execute""}, {""step"": 7, ""stage"": 3, ""est_request_tokens"": 4651, ""pressure_before_management"": false, ""pressure"": false, ""recovery"": false, ""reported_input_tokens"": 4954, ""cache_read_input_tokens"": 3270, ""cache_creation_input_tokens"": 1576, ""uncached_input_tokens"": 108, ""action"": ""execute""}, {""step"": 8, ""stage"": 3, ""est_request_tokens"": 3092, ""pressure_before_management"": false, ""pressure"": false, ""recovery"": false, ""reported_input_tokens"": 3077, ""cache_read_input_tokens"": 1722, ""cache_creation_input_tokens"": 1247, ""uncached_input_tokens"": 108, ""action"": ""advance""}, {""step"": 9, ""stage"": 4, ""est_request_tokens"": 3549, ""pressure_before_management"": false, ""pressure"": false, ""recovery"": false, ""reported_input_tokens"": 3556, ""cache_read_input_tokens"": 2969, ""cache_creation_input_tokens"": 479, ""uncached_input_tokens"": 108, ""action"": ""execute""}, {""step"": 10, ""stage"": 4, ""est_request_tokens"": 6031, ""pressure_before_management"": true, ""pressure"": true, ""recovery"": false, ""reported_input_tokens"": 6501, ""cache_read_input_tokens"": 3448, ""cache_creation_input_tokens"": 2904, ""uncached_input_tokens"": 149, ""action"": ""execute""}, {""step"": 11, ""stage"": 4, ""est_request_tokens"": 3044, ""pressure_before_management"": false, ""pressure"": false, ""recovery"": false, ""reported_input_tokens"": 2906, ""cache_read_input_tokens"": 1722, ""cache_creation_input_tokens"": 1076, ""uncached_input_tokens"": 108, ""action"": ""final""}]"
20261004T234740-clm-cacheoff-coding-eval-1-c9bb,evaluation,0.255288,clm,coding-eval-1,completed,True,correct,True,invoice-checks/1,correct,True,invoice-checks/1,True,28,28,0,,,8,8,0,12,12,0,8,8,0,12,12,0,0,0,8,4,4,0,0,0,1,42487,4267,6007,0.255288,69.0,2026-10-04.1,0f8dedc5f60071e74599a5ae03b2dc3c65c1f14ac44b8510986bf82f2bd6e8a6,blocks/1,off,,run-tag/1,0,0,0,57.029,0.255288,0,0,42487,57.029,,,,,,4,4,11,4,"[5, 7, 9, 12]",[],[],[],5,2,8,5,2,0,"[{""step"": 1, ""stage"": 1, ""est_request_tokens"": 1441, ""pressure_before_management"": false, ""pressure"": false, ""recovery"": false, ""reported_input_tokens"": 1825, ""cache_read_input_tokens"": 0, ""cache_creation_input_tokens"": 0, ""uncached_input_tokens"": 1825, ""action"": ""execute""}, {""step"": 2, ""stage"": 1, ""est_request_tokens"": 2583, ""pressure_before_management"": false, ""pressure"": false, ""recovery"": false, ""reported_input_tokens"": 2988, ""cache_read_input_tokens"": 0, ""cache_creation_input_tokens"": 0, ""uncached_input_tokens"": 2988, ""action"": ""execute""}, {""step"": 3, ""stage"": 1, ""est_request_tokens"": 3242, ""pressure_before_management"": false, ""pressure"": false, ""recovery"": false, ""reported_input_tokens"": 3584, ""cache_read_input_tokens"": 0, ""cache_creation_input_tokens"": 0, ""uncached_input_tokens"": 3584, ""action"": ""advance""}, {""step"": 4, ""stage"": 2, ""est_request_tokens"": 3771, ""pressure_before_management"": false, ""pressure"": false, ""recovery"": false, ""reported_input_tokens"": 3965, ""cache_read_input_tokens"": 0, ""cache_creation_input_tokens"": 0, ""uncached_input_tokens"": 3965, ""action"": ""execute""}, {""step"": 5, ""stage"": 2, ""est_request_tokens"": 3153, ""pressure_before_management"": false, ""pressure"": false, ""recovery"": false, ""reported_input_tokens"": 3254, ""cache_read_input_tokens"": 0, ""cache_creation_input_tokens"": 0, ""uncached_input_tokens"": 3254, ""action"": ""advance""}, {""step"": 6, ""stage"": 3, ""est_request_tokens"": 3642, ""pressure_before_management"": false, ""pressure"": false, ""recovery"": false, ""reported_input_tokens"": 3681, ""cache_read_input_tokens"": 0, ""cache_creation_input_tokens"": 0, ""uncached_input_tokens"": 3681, ""action"": ""execute""}, {""step"": 7, ""stage"": 3, ""est_request_tokens"": 3394, ""pressure_before_management"": false, ""pressure"": false, ""recovery"": false, ""reported_input_tokens"": 3474, ""cache_read_input_tokens"": 0, ""cache_creation_input_tokens"": 0, ""uncached_input_tokens"": 3474, ""action"": ""advance""}, {""step"": 8, ""stage"": 4, ""est_request_tokens"": 3891, ""pressure_before_management"": false, ""pressure"": false, ""recovery"": false, ""reported_input_tokens"": 3953, ""cache_read_input_tokens"": 0, ""cache_creation_input_tokens"": 0, ""uncached_input_tokens"": 3953, ""action"": ""execute""}, {""step"": 9, ""stage"": 4, ""est_request_tokens"": 2974, ""pressure_before_management"": false, ""pressure"": false, ""recovery"": false, ""reported_input_tokens"": 2957, ""cache_read_input_tokens"": 0, ""cache_creation_input_tokens"": 0, ""uncached_input_tokens"": 2957, ""action"": ""execute""}, {""step"": 10, ""stage"": 4, ""est_request_tokens"": 4401, ""pressure_before_management"": false, ""pressure"": false, ""recovery"": false, ""reported_input_tokens"": 4555, ""cache_read_input_tokens"": 0, ""cache_creation_input_tokens"": 0, ""uncached_input_tokens"": 4555, ""action"": ""execute""}, {""step"": 11, ""stage"": 4, ""est_request_tokens"": 6064, ""pressure_before_management"": true, ""pressure"": true, ""recovery"": false, ""reported_input_tokens"": 6007, ""cache_read_input_tokens"": 0, ""cache_creation_input_tokens"": 0, ""uncached_input_tokens"": 6007, ""action"": ""execute""}, {""step"": 12, ""stage"": 4, ""est_request_tokens"": 2368, ""pressure_before_management"": false, ""pressure"": false, ""recovery"": false, ""reported_input_tokens"": 2244, ""cache_read_input_tokens"": 0, ""cache_creation_input_tokens"": 0, ""uncached_input_tokens"": 2244, ""action"": ""final""}]"
20261004T234849-summary-cacheon-coding-eval-2-c12c,evaluation,0.155411,summary,coding-eval-2,completed,True,correct,True,invoice-checks/1,correct,True,invoice-checks/1,True,28,28,0,,,4,4,0,12,12,0,12,12,0,11,10,0,1,0,6,0,0,0,1,0,1,1114,3956,5441,0.155413,62.7,2026-10-04.1,d975c6f21735840d75f1f7fc3377c55c295fe52ce15c8ce1b53265a1f0383d25,blocks/1,on,5m,run-tag/1,30085,13164,0,52.663,0.108766,30085,9035,1079,40.091,0.046645,0,4129,35,12.572,4,4,8,4,[],[8],[],[],8,4,3,2,0,0,"[{""step"": 1, ""stage"": 1, ""est_request_tokens"": 1161, ""pressure_before_management"": false, ""pressure"": false, ""recovery"": false, ""reported_input_tokens"": 1537, ""cache_read_input_tokens"": 0, ""cache_creation_input_tokens"": 1430, ""uncached_input_tokens"": 107, ""action"": ""execute""}, {""step"": 2, ""stage"": 1, ""est_request_tokens"": 2350, ""pressure_before_management"": false, ""pressure"": false, ""recovery"": false, ""reported_input_tokens"": 2739, ""cache_read_input_tokens"": 1430, ""cache_creation_input_tokens"": 1201, ""uncached_input_tokens"": 108, ""action"": ""execute""}, {""step"": 3, ""stage"": 1, ""est_request_tokens"": 3160, ""pressure_before_management"": false, ""pressure"": false, ""recovery"": false, ""reported_input_tokens"": 3500, ""cache_read_input_tokens"": 2631, ""cache_creation_input_tokens"": 761, ""uncached_input_tokens"": 108, ""action"": ""advance""}, {""step"": 4, ""stage"": 2, ""est_request_tokens"": 3685, ""pressure_before_management"": false, ""pressure"": false, ""recovery"": false, ""reported_input_tokens"": 3885, ""cache_read_input_tokens"": 3392, ""cache_creation_input_tokens"": 385, ""uncached_input_tokens"": 108, ""action"": ""execute""}, {""step"": 5, ""stage"": 2, ""est_request_tokens"": 4267, ""pressure_before_management"": false, ""pressure"": false, ""recovery"": false, ""reported_input_tokens"": 4419, ""cache_read_input_tokens"": 3777, ""cache_creation_input_tokens"": 534, ""uncached_input_tokens"": 108, ""action"": ""advance""}, {""step"": 6, ""stage"": 3, ""est_request_tokens"": 4782, ""pressure_before_management"": false, ""pressure"": false, ""recovery"": false, ""reported_input_tokens"": 4850, ""cache_read_input_tokens"": 4311, ""cache_creation_input_tokens"": 431, ""uncached_input_tokens"": 108, ""action"": ""execute""}, {""step"": 7, ""stage"": 3, ""est_request_tokens"": 5342, ""pressure_before_management"": false, ""pressure"": false, ""recovery"": false, ""reported_input_tokens"": 5441, ""cache_read_input_tokens"": 4742, ""cache_creation_input_tokens"": 591, ""uncached_input_tokens"": 108, ""action"": ""advance""}, {""step"": 8, ""stage"": 4, ""est_request_tokens"": 3916, ""pressure_before_management"": true, ""pressure"": false, ""recovery"": false, ""reported_input_tokens"": 3925, ""cache_read_input_tokens"": 1430, ""cache_creation_input_tokens"": 2387, ""uncached_input_tokens"": 108, ""action"": ""execute""}, {""step"": 9, ""stage"": 4, ""est_request_tokens"": 4568, ""pressure_before_management"": false, ""pressure"": false, ""recovery"": false, ""reported_input_tokens"": 4663, ""cache_read_input_tokens"": 3817, ""cache_creation_input_tokens"": 738, ""uncached_input_tokens"": 108, ""action"": ""execute""}, {""step"": 10, ""stage"": 4, ""est_request_tokens"": 5139, ""pressure_before_management"": false, ""pressure"": false, ""recovery"": false, ""reported_input_tokens"": 5240, ""cache_read_input_tokens"": 4555, ""cache_creation_input_tokens"": 577, ""uncached_input_tokens"": 108, ""action"": ""final""}]"
20261004T234951-clm-cacheoff-coding-eval-2-358b,evaluation,0.199692,clm,coding-eval-2,completed,True,correct,True,invoice-checks/1,correct,True,invoice-checks/1,True,28,28,0,,,4,4,0,12,12,0,12,12,0,11,11,0,0,0,7,4,4,0,0,0,0,34623,3060,4160,0.199692,56.3,2026-10-04.1,d975c6f21735840d75f1f7fc3377c55c295fe52ce15c8ce1b53265a1f0383d25,blocks/1,off,,run-tag/1,0,0,0,45.949,0.199692,0,0,34623,45.949,,,,,,4,4,,,"[3, 5, 8, 11]",[],[],[],3,1,9,5,3,0,"[{""step"": 1, ""stage"": 1, ""est_request_tokens"": 1441, ""pressure_before_management"": false, ""pressure"": false, ""recovery"": false, ""reported_input_tokens"": 1830, ""cache_read_input_tokens"": 0, ""cache_creation_input_tokens"": 0, ""uncached_input_tokens"": 1830, ""action"": ""execute""}, {""step"": 2, ""stage"": 1, ""est_request_tokens"": 2624, ""pressure_before_management"": false, ""pressure"": false, ""recovery"": false, ""reported_input_tokens"": 3036, ""cache_read_input_tokens"": 0, ""cache_creation_input_tokens"": 0, ""uncached_input_tokens"": 3036, ""action"": ""execute""}, {""step"": 3, ""stage"": 1, ""est_request_tokens"": 2763, ""pressure_before_management"": false, ""pressure"": false, ""recovery"": false, ""reported_input_tokens"": 3047, ""cache_read_input_tokens"": 0, ""cache_creation_input_tokens"": 0, ""uncached_input_tokens"": 3047, ""action"": ""advance""}, {""step"": 4, ""stage"": 2, ""est_request_tokens"": 3253, ""pressure_before_management"": false, ""pressure"": false, ""recovery"": false, ""reported_input_tokens"": 3432, ""cache_read_input_tokens"": 0, ""cache_creation_input_tokens"": 0, ""uncached_input_tokens"": 3432, ""action"": ""execute""}, {""step"": 5, ""stage"": 2, ""est_request_tokens"": 2801, ""pressure_before_management"": false, ""pressure"": false, ""recovery"": false, ""reported_input_tokens"": 2873, ""cache_read_input_tokens"": 0, ""cache_creation_input_tokens"": 0, ""uncached_input_tokens"": 2873, ""action"": ""advance""}, {""step"": 6, ""stage"": 3, ""est_request_tokens"": 3265, ""pressure_before_management"": false, ""pressure"": false, ""recovery"": false, ""reported_input_tokens"": 3304, ""cache_read_input_tokens"": 0, ""cache_creation_input_tokens"": 0, ""uncached_input_tokens"": 3304, ""action"": ""execute""}, {""step"": 7, ""stage"": 3, ""est_request_tokens"": 3961, ""pressure_before_management"": false, ""pressure"": false, ""recovery"": false, ""reported_input_tokens"": 4092, ""cache_read_input_tokens"": 0, ""cache_creation_input_tokens"": 0, ""uncached_input_tokens"": 4092, ""action"": ""execute""}, {""step"": 8, ""stage"": 3, ""est_request_tokens"": 2938, ""pressure_before_management"": false, ""pressure"": false, ""recovery"": false, ""reported_input_tokens"": 2931, ""cache_read_input_tokens"": 0, ""cache_creation_input_tokens"": 0, ""uncached_input_tokens"": 2931, ""action"": ""advance""}, {""step"": 9, ""stage"": 4, ""est_request_tokens"": 3321, ""pressure_before_management"": false, ""pressure"": false, ""recovery"": false, ""reported_input_tokens"": 3310, ""cache_read_input_tokens"": 0, ""cache_creation_input_tokens"": 0, ""uncached_input_tokens"": 3310, ""action"": ""execute""}, {""step"": 10, ""stage"": 4, ""est_request_tokens"": 4064, ""pressure_before_management"": false, ""pressure"": false, ""recovery"": false, ""reported_input_tokens"": 4160, ""cache_read_input_tokens"": 0, ""cache_creation_input_tokens"": 0, ""uncached_input_tokens"": 4160, ""action"": ""execute""}, {""step"": 11, ""stage"": 4, ""est_request_tokens"": 2680, ""pressure_before_management"": false, ""pressure"": false, ""recovery"": false, ""reported_input_tokens"": 2608, ""cache_read_input_tokens"": 0, ""cache_creation_input_tokens"": 0, ""uncached_input_tokens"": 2608, ""action"": ""final""}]"
20261004T235048-summary-cacheoff-coding-eval-2-ef98,evaluation,0.25798,summary,coding-eval-2,completed,True,correct,True,invoice-checks/1,correct,True,invoice-checks/1,True,28,28,0,,,4,4,0,12,12,0,12,12,0,11,10,0,1,0,6,0,0,0,1,0,1,44480,4003,5556,0.25798,66.7,2026-10-04.1,d975c6f21735840d75f1f7fc3377c55c295fe52ce15c8ce1b53265a1f0383d25,blocks/1,off,,run-tag/1,0,0,0,54.925,0.215528,0,0,40237,42.396,0.042452,0,0,4243,12.529,4,4,8,4,[],[8],[],[],8,4,3,2,0,0,"[{""step"": 1, ""stage"": 1, ""est_request_tokens"": 1161, ""pressure_before_management"": false, ""pressure"": false, ""recovery"": false, ""reported_input_tokens"": 1534, ""cache_read_input_tokens"": 0, ""cache_creation_input_tokens"": 0, ""uncached_input_tokens"": 1534, ""action"": ""execute""}, {""step"": 2, ""stage"": 1, ""est_request_tokens"": 2359, ""pressure_before_management"": false, ""pressure"": false, ""recovery"": false, ""reported_input_tokens"": 2763, ""cache_read_input_tokens"": 0, ""cache_creation_input_tokens"": 0, ""uncached_input_tokens"": 2763, ""action"": ""execute""}, {""step"": 3, ""stage"": 1, ""est_request_tokens"": 3235, ""pressure_before_management"": false, ""pressure"": false, ""recovery"": false, ""reported_input_tokens"": 3591, ""cache_read_input_tokens"": 0, ""cache_creation_input_tokens"": 0, ""uncached_input_tokens"": 3591, ""action"": ""advance""}, {""step"": 4, ""stage"": 2, ""est_request_tokens"": 3768, ""pressure_before_management"": false, ""pressure"": false, ""recovery"": false, ""reported_input_tokens"": 3976, ""cache_read_input_tokens"": 0, ""cache_creation_input_tokens"": 0, ""uncached_input_tokens"": 3976, ""action"": ""execute""}, {""step"": 5, ""stage"": 2, ""est_request_tokens"": 4339, ""pressure_before_management"": false, ""pressure"": false, ""recovery"": false, ""reported_input_tokens"": 4498, ""cache_read_input_tokens"": 0, ""cache_creation_input_tokens"": 0, ""uncached_input_tokens"": 4498, ""action"": ""advance""}, {""step"": 6, ""stage"": 3, ""est_request_tokens"": 4859, ""pressure_before_management"": false, ""pressure"": false, ""recovery"": false, ""reported_input_tokens"": 4929, ""cache_read_input_tokens"": 0, ""cache_creation_input_tokens"": 0, ""uncached_input_tokens"": 4929, ""action"": ""execute""}, {""step"": 7, ""stage"": 3, ""est_request_tokens"": 5436, ""pressure_before_management"": false, ""pressure"": false, ""recovery"": false, ""reported_input_tokens"": 5556, ""cache_read_input_tokens"": 0, ""cache_creation_input_tokens"": 0, ""uncached_input_tokens"": 5556, ""action"": ""advance""}, {""step"": 8, ""stage"": 4, ""est_request_tokens"": 3934, ""pressure_before_management"": true, ""pressure"": false, ""recovery"": false, ""reported_input_tokens"": 3959, ""cache_read_input_tokens"": 0, ""cache_creation_input_tokens"": 0, ""uncached_input_tokens"": 3959, ""action"": ""execute""}, {""step"": 9, ""stage"": 4, ""est_request_tokens"": 4365, ""pressure_before_management"": false, ""pressure"": false, ""recovery"": false, ""reported_input_tokens"": 4418, ""cache_read_input_tokens"": 0, ""cache_creation_input_tokens"": 0, ""uncached_input_tokens"": 4418, ""action"": ""execute""}, {""step"": 10, ""stage"": 4, ""est_request_tokens"": 4963, ""pressure_before_management"": false, ""pressure"": false, ""recovery"": false, ""reported_input_tokens"": 5013, ""cache_read_input_tokens"": 0, ""cache_creation_input_tokens"": 0, ""uncached_input_tokens"": 5013, ""action"": ""final""}]"
20261004T235154-clm-cacheon-coding-eval-2-6ea7,evaluation,0.131714,clm,coding-eval-2,completed,True,correct,True,invoice-checks/1,correct,True,invoice-checks/1,True,28,28,0,,,4,4,0,12,12,0,12,12,0,12,12,0,0,0,8,3,3,0,0,0,0,1295,3376,4405,0.131714,63.9,2026-10-04.1,d975c6f21735840d75f1f7fc3377c55c295fe52ce15c8ce1b53265a1f0383d25,blocks/1,on,5m,run-tag/1,28672,10656,0,51.61,0.131714,28672,10656,1295,51.61,,,,,,4,4,,,"[4, 6, 9]",[],[],[],4,1,9,5,3,0,"[{""step"": 1, ""stage"": 1, ""est_request_tokens"": 1441, ""pressure_before_management"": false, ""pressure"": false, ""recovery"": false, ""reported_input_tokens"": 1828, ""cache_read_input_tokens"": 0, ""cache_creation_input_tokens"": 1721, ""uncached_input_tokens"": 107, ""action"": ""execute""}, {""step"": 2, ""stage"": 1, ""est_request_tokens"": 2517, ""pressure_before_management"": false, ""pressure"": false, ""recovery"": false, ""reported_input_tokens"": 2903, ""cache_read_input_tokens"": 1721, ""cache_creation_input_tokens"": 1074, ""uncached_input_tokens"": 108, ""action"": ""execute""}, {""step"": 3, ""stage"": 1, ""est_request_tokens"": 3634, ""pressure_before_management"": false, ""pressure"": false, ""recovery"": false, ""reported_input_tokens"": 4200, ""cache_read_input_tokens"": 2795, ""cache_creation_input_tokens"": 1297, ""uncached_input_tokens"": 108, ""action"": ""execute""}, {""step"": 4, ""stage"": 1, ""est_request_tokens"": 3026, ""pressure_before_management"": false, ""pressure"": false, ""recovery"": false, ""reported_input_tokens"": 3117, ""cache_read_input_tokens"": 1721, ""cache_creation_input_tokens"": 1288, ""uncached_input_tokens"": 108, ""action"": ""advance""}, {""step"": 5, ""stage"": 2, ""est_request_tokens"": 3439, ""pressure_before_management"": false, ""pressure"": false, ""recovery"": false, ""reported_input_tokens"": 3502, ""cache_read_input_tokens"": 3009, ""cache_creation_input_tokens"": 385, ""uncached_input_tokens"": 108, ""action"": ""execute""}, {""step"": 6, ""stage"": 2, ""est_request_tokens"": 2824, ""pressure_before_management"": false, ""pressure"": false, ""recovery"": false, ""reported_input_tokens"": 2838, ""cache_read_input_tokens"": 1721, ""cache_creation_input_tokens"": 1009, ""uncached_input_tokens"": 108, ""action"": ""advance""}, {""step"": 7, ""stage"": 3, ""est_request_tokens"": 3262, ""pressure_before_management"": false, ""pressure"": false, ""recovery"": false, ""reported_input_tokens"": 3269, ""cache_read_input_tokens"": 2730, ""cache_creation_input_tokens"": 431, ""uncached_input_tokens"": 108, ""action"": ""execute""}, {""step"": 8, ""stage"": 3, ""est_request_tokens"": 4047, ""pressure_before_management"": false, ""pressure"": false, ""recovery"": false, ""reported_input_tokens"": 4144, ""cache_read_input_tokens"": 3161, ""cache_creation_input_tokens"": 875, ""uncached_input_tokens"": 108, ""action"": ""execute""}, {""step"": 9, ""stage"": 3, ""est_request_tokens"": 3017, ""pressure_before_management"": false, ""pressure"": false, ""recovery"": false, ""reported_input_tokens"": 3046, ""cache_read_input_tokens"": 1721, ""cache_creation_input_tokens"": 1217, ""uncached_input_tokens"": 108, ""action"": ""advance""}, {""step"": 10, ""stage"": 4, ""est_request_tokens"": 3420, ""pressure_before_management"": false, ""pressure"": false, ""recovery"": false, ""reported_input_tokens"": 3425, ""cache_read_input_tokens"": 2938, ""cache_creation_input_tokens"": 379, ""uncached_input_tokens"": 108, ""action"": ""execute""}, {""step"": 11, ""stage"": 4, ""est_request_tokens"": 3910, ""pressure_before_management"": false, ""pressure"": false, ""recovery"": false, ""reported_input_tokens"": 3946, ""cache_read_input_tokens"": 3317, ""cache_creation_input_tokens"": 521, ""uncached_input_tokens"": 108, ""action"": ""execute""}, {""step"": 12, ""stage"": 4, ""est_request_tokens"": 4359, ""pressure_before_management"": false, ""pressure"": false, ""recovery"": false, ""reported_input_tokens"": 4405, ""cache_read_input_tokens"": 3838, ""cache_creation_input_tokens"": 459, ""uncached_input_tokens"": 108, ""action"": ""final""}]"
20261004T235258-clm-cacheoff-coding-eval-3-79fa,evaluation,0.225596,clm,coding-eval-3,completed,True,correct,True,invoice-checks/1,correct,True,invoice-checks/1,True,28,28,0,,,4,4,0,16,16,0,8,8,0,11,11,0,0,0,7,3,3,0,0,0,0,38164,3647,4912,0.225596,62.5,2026-10-04.1,f5b3498e4c4746789da21ad2660e381cdb23a4e010900150aaf576120f13f001,blocks/1,off,,run-tag/1,0,0,0,51.169,0.225596,0,0,38164,51.169,,,,,,4,4,,,"[3, 5, 8]",[],[],[],3,1,9,5,3,0,"[{""step"": 1, ""stage"": 1, ""est_request_tokens"": 1441, ""pressure_before_management"": false, ""pressure"": false, ""recovery"": false, ""reported_input_tokens"": 1834, ""cache_read_input_tokens"": 0, ""cache_creation_input_tokens"": 0, ""uncached_input_tokens"": 1834, ""action"": ""execute""}, {""step"": 2, ""stage"": 1, ""est_request_tokens"": 2671, ""pressure_before_management"": false, ""pressure"": false, ""recovery"": false, ""reported_input_tokens"": 3118, ""cache_read_input_tokens"": 0, ""cache_creation_input_tokens"": 0, ""uncached_input_tokens"": 3118, ""action"": ""execute""}, {""step"": 3, ""stage"": 1, ""est_request_tokens"": 2719, ""pressure_before_management"": false, ""pressure"": false, ""recovery"": false, ""reported_input_tokens"": 3031, ""cache_read_input_tokens"": 0, ""cache_creation_input_tokens"": 0, ""uncached_input_tokens"": 3031, ""action"": ""advance""}, {""step"": 4, ""stage"": 2, ""est_request_tokens"": 3333, ""pressure_before_management"": false, ""pressure"": false, ""recovery"": false, ""reported_input_tokens"": 3504, ""cache_read_input_tokens"": 0, ""cache_creation_input_tokens"": 0, ""uncached_input_tokens"": 3504, ""action"": ""execute""}, {""step"": 5, ""stage"": 2, ""est_request_tokens"": 3065, ""pressure_before_management"": false, ""pressure"": false, ""recovery"": false, ""reported_input_tokens"": 3199, ""cache_read_input_tokens"": 0, ""cache_creation_input_tokens"": 0, ""uncached_input_tokens"": 3199, ""action"": ""advance""}, {""step"": 6, ""stage"": 3, ""est_request_tokens"": 3523, ""pressure_before_management"": false, ""pressure"": false, ""recovery"": false, ""reported_input_tokens"": 3580, ""cache_read_input_tokens"": 0, ""cache_creation_input_tokens"": 0, ""uncached_input_tokens"": 3580, ""action"": ""execute""}, {""step"": 7, ""stage"": 3, ""est_request_tokens"": 4253, ""pressure_before_management"": false, ""pressure"": false, ""recovery"": false, ""reported_input_tokens"": 4424, ""cache_read_input_tokens"": 0, ""cache_creation_input_tokens"": 0, ""uncached_input_tokens"": 4424, ""action"": ""execute""}, {""step"": 8, ""stage"": 3, ""est_request_tokens"": 3021, ""pressure_before_management"": false, ""pressure"": false, ""recovery"": false, ""reported_input_tokens"": 2955, ""cache_read_input_tokens"": 0, ""cache_creation_input_tokens"": 0, ""uncached_input_tokens"": 2955, ""action"": ""advance""}, {""step"": 9, ""stage"": 4, ""est_request_tokens"": 3446, ""pressure_before_management"": false, ""pressure"": false, ""recovery"": false, ""reported_input_tokens"": 3410, ""cache_read_input_tokens"": 0, ""cache_creation_input_tokens"": 0, ""uncached_input_tokens"": 3410, ""action"": ""execute""}, {""step"": 10, ""stage"": 4, ""est_request_tokens"": 4079, ""pressure_before_management"": false, ""pressure"": false, ""recovery"": false, ""reported_input_tokens"": 4197, ""cache_read_input_tokens"": 0, ""cache_creation_input_tokens"": 0, ""uncached_input_tokens"": 4197, ""action"": ""execute""}, {""step"": 11, ""stage"": 4, ""est_request_tokens"": 4790, ""pressure_before_management"": false, ""pressure"": false, ""recovery"": false, ""reported_input_tokens"": 4912, ""cache_read_input_tokens"": 0, ""cache_creation_input_tokens"": 0, ""uncached_input_tokens"": 4912, ""action"": ""final""}]"
20261004T235401-clm-cacheon-coding-eval-3-1fc1,evaluation,0.192591,clm,coding-eval-3,completed,True,correct,True,invoice-checks/1,correct,True,invoice-checks/1,True,28,28,0,,,4,4,0,16,16,0,8,8,0,14,14,0,0,0,10,5,5,0,0,0,0,1511,5256,5604,0.192591,85.4,2026-10-04.1,f5b3498e4c4746789da21ad2660e381cdb23a4e010900150aaf576120f13f001,blocks/1,on,5m,run-tag/1,31561,15023,0,70.891,0.192591,31561,15023,1511,70.891,,,,,,4,4,,,"[3, 5, 7, 10, 12]",[],[],[],3,1,12,8,3,0,"[{""step"": 1, ""stage"": 1, ""est_request_tokens"": 1441, ""pressure_before_management"": false, ""pressure"": false, ""recovery"": false, ""reported_input_tokens"": 1828, ""cache_read_input_tokens"": 0, ""cache_creation_input_tokens"": 1721, ""uncached_input_tokens"": 107, ""action"": ""execute""}, {""step"": 2, ""stage"": 1, ""est_request_tokens"": 2667, ""pressure_before_management"": false, ""pressure"": false, ""recovery"": false, ""reported_input_tokens"": 3112, ""cache_read_input_tokens"": 1721, ""cache_creation_input_tokens"": 1283, ""uncached_input_tokens"": 108, ""action"": ""execute""}, {""step"": 3, ""stage"": 1, ""est_request_tokens"": 2679, ""pressure_before_management"": false, ""pressure"": false, ""recovery"": false, ""reported_input_tokens"": 2993, ""cache_read_input_tokens"": 1721, ""cache_creation_input_tokens"": 1164, ""uncached_input_tokens"": 108, ""action"": ""advance""}, {""step"": 4, ""stage"": 2, ""est_request_tokens"": 3294, ""pressure_before_management"": false, ""pressure"": false, ""recovery"": false, ""reported_input_tokens"": 3466, ""cache_read_input_tokens"": 2885, ""cache_creation_input_tokens"": 473, ""uncached_input_tokens"": 108, ""action"": ""execute""}, {""step"": 5, ""stage"": 2, ""est_request_tokens"": 2982, ""pressure_before_management"": false, ""pressure"": false, ""recovery"": false, ""reported_input_tokens"": 3080, ""cache_read_input_tokens"": 1721, ""cache_creation_input_tokens"": 1251, ""uncached_input_tokens"": 108, ""action"": ""advance""}, {""step"": 6, ""stage"": 3, ""est_request_tokens"": 3420, ""pressure_before_management"": false, ""pressure"": false, ""recovery"": false, ""reported_input_tokens"": 3461, ""cache_read_input_tokens"": 2972, ""cache_creation_input_tokens"": 381, ""uncached_input_tokens"": 108, ""action"": ""execute""}, {""step"": 7, ""stage"": 3, ""est_request_tokens"": 2808, ""pressure_before_management"": false, ""pressure"": false, ""recovery"": false, ""reported_input_tokens"": 2801, ""cache_read_input_tokens"": 1721, ""cache_creation_input_tokens"": 972, ""uncached_input_tokens"": 108, ""action"": ""advance""}, {""step"": 8, ""stage"": 4, ""est_request_tokens"": 3255, ""pressure_before_management"": false, ""pressure"": false, ""recovery"": false, ""reported_input_tokens"": 3256, ""cache_read_input_tokens"": 2693, ""cache_creation_input_tokens"": 455, ""uncached_input_tokens"": 108, ""action"": ""execute""}, {""step"": 9, ""stage"": 4, ""est_request_tokens"": 3853, ""pressure_before_management"": false, ""pressure"": false, ""recovery"": false, ""reported_input_tokens"": 3974, ""cache_read_input_tokens"": 3148, ""cache_creation_input_tokens"": 718, ""uncached_input_tokens"": 108, ""action"": ""execute""}, {""step"": 10, ""stage"": 4, ""est_request_tokens"": 3011, ""pressure_before_management"": false, ""pressure"": false, ""recovery"": false, ""reported_input_tokens"": 3009, ""cache_read_input_tokens"": 1721, ""cache_creation_input_tokens"": 1180, ""uncached_input_tokens"": 108, ""action"": ""execute""}, {""step"": 11, ""stage"": 4, ""est_request_tokens"": 5557, ""pressure_before_management"": false, ""pressure"": false, ""recovery"": false, ""reported_input_tokens"": 5604, ""cache_read_input_tokens"": 2901, ""cache_creation_input_tokens"": 2595, ""uncached_input_tokens"": 108, ""action"": ""execute""}, {""step"": 12, ""stage"": 4, ""est_request_tokens"": 2952, ""pressure_before_management"": false, ""pressure"": false, ""recovery"": false, ""reported_input_tokens"": 2811, ""cache_read_input_tokens"": 1721, ""cache_creation_input_tokens"": 982, ""uncached_input_tokens"": 108, ""action"": ""execute""}, {""step"": 13, ""stage"": 4, ""est_request_tokens"": 4061, ""pressure_before_management"": false, ""pressure"": false, ""recovery"": false, ""reported_input_tokens"": 4041, ""cache_read_input_tokens"": 2703, ""cache_creation_input_tokens"": 1230, ""uncached_input_tokens"": 108, ""action"": ""execute""}, {""step"": 14, ""stage"": 4, ""est_request_tokens"": 4608, ""pressure_before_management"": false, ""pressure"": false, ""recovery"": false, ""reported_input_tokens"": 4659, ""cache_read_input_tokens"": 3933, ""cache_creation_input_tokens"": 618, ""uncached_input_tokens"": 108, ""action"": ""final""}]"
20261004T235526-summary-cacheon-coding-eval-3-0cce,evaluation,0.231212,summary,coding-eval-3,completed,True,correct,True,invoice-checks/1,correct,True,invoice-checks/1,True,28,28,0,,,4,4,0,16,16,0,8,8,0,12,10,0,2,0,6,0,0,0,2,0,2,1149,6213,5243,0.231212,79.4,2026-10-04.1,f5b3498e4c4746789da21ad2660e381cdb23a4e010900150aaf576120f13f001,blocks/1,on,5m,run-tag/1,28428,19334,0,69.802,0.138034,27613,11179,1079,45.974,0.093178,815,8155,70,23.828,4,4,6,2,[],"[6, 10]",[],[],6,2,5,2,2,0,"[{""step"": 1, ""stage"": 1, ""est_request_tokens"": 1161, ""pressure_before_management"": false, ""pressure"": false, ""recovery"": false, ""reported_input_tokens"": 1535, ""cache_read_input_tokens"": 0, ""cache_creation_input_tokens"": 1428, ""uncached_input_tokens"": 107, ""action"": ""execute""}, {""step"": 2, ""stage"": 1, ""est_request_tokens"": 2219, ""pressure_before_management"": false, ""pressure"": false, ""recovery"": false, ""reported_input_tokens"": 2599, ""cache_read_input_tokens"": 1428, ""cache_creation_input_tokens"": 1063, ""uncached_input_tokens"": 108, ""action"": ""execute""}, {""step"": 3, ""stage"": 1, ""est_request_tokens"": 3394, ""pressure_before_management"": false, ""pressure"": false, ""recovery"": false, ""reported_input_tokens"": 3899, ""cache_read_input_tokens"": 2491, ""cache_creation_input_tokens"": 1300, ""uncached_input_tokens"": 108, ""action"": ""execute""}, {""step"": 4, ""stage"": 1, ""est_request_tokens"": 4405, ""pressure_before_management"": false, ""pressure"": false, ""recovery"": false, ""reported_input_tokens"": 4770, ""cache_read_input_tokens"": 3791, ""cache_creation_input_tokens"": 871, ""uncached_input_tokens"": 108, ""action"": ""advance""}, {""step"": 5, ""stage"": 2, ""est_request_tokens"": 5081, ""pressure_before_management"": false, ""pressure"": false, ""recovery"": false, ""reported_input_tokens"": 5243, ""cache_read_input_tokens"": 4662, ""cache_creation_input_tokens"": 473, ""uncached_input_tokens"": 108, ""action"": ""execute""}, {""step"": 6, ""stage"": 2, ""est_request_tokens"": 3841, ""pressure_before_management"": true, ""pressure"": false, ""recovery"": false, ""reported_input_tokens"": 3807, ""cache_read_input_tokens"": 1428, ""cache_creation_input_tokens"": 2271, ""uncached_input_tokens"": 108, ""action"": ""advance""}, {""step"": 7, ""stage"": 3, ""est_request_tokens"": 4231, ""pressure_before_management"": false, ""pressure"": false, ""recovery"": false, ""reported_input_tokens"": 4188, ""cache_read_input_tokens"": 3699, ""cache_creation_input_tokens"": 381, ""uncached_input_tokens"": 108, ""action"": ""execute""}, {""step"": 8, ""stage"": 3, ""est_request_tokens"": 4697, ""pressure_before_management"": false, ""pressure"": false, ""recovery"": false, ""reported_input_tokens"": 4714, ""cache_read_input_tokens"": 4080, ""cache_creation_input_tokens"": 526, ""uncached_input_tokens"": 108, ""action"": ""advance""}, {""step"": 9, ""stage"": 4, ""est_request_tokens"": 5172, ""pressure_before_management"": false, ""pressure"": false, ""recovery"": false, ""reported_input_tokens"": 5169, ""cache_read_input_tokens"": 4606, ""cache_creation_input_tokens"": 455, ""uncached_input_tokens"": 108, ""action"": ""execute""}, {""step"": 10, ""stage"": 4, ""est_request_tokens"": 3970, ""pressure_before_management"": true, ""pressure"": false, ""recovery"": false, ""reported_input_tokens"": 3947, ""cache_read_input_tokens"": 1428, ""cache_creation_input_tokens"": 2411, ""uncached_input_tokens"": 108, ""action"": ""final""}]"
20261004T235646-summary-cacheoff-coding-eval-3-8489,evaluation,0.316176,summary,coding-eval-3,completed,True,correct,True,invoice-checks/1,correct,True,invoice-checks/1,True,28,28,0,,,4,4,0,16,16,0,8,8,0,12,10,0,2,0,6,0,0,0,2,0,2,48184,6172,5313,0.316176,83.6,2026-10-04.1,f5b3498e4c4746789da21ad2660e381cdb23a4e010900150aaf576120f13f001,blocks/1,off,,run-tag/1,0,0,0,70.595,0.228908,0,0,40192,46.396,0.087268,0,0,7992,24.199,4,4,7,3,[],"[7, 10]",[],[],7,3,4,2,1,0,"[{""step"": 1, ""stage"": 1, ""est_request_tokens"": 1161, ""pressure_before_management"": false, ""pressure"": false, ""recovery"": false, ""reported_input_tokens"": 1534, ""cache_read_input_tokens"": 0, ""cache_creation_input_tokens"": 0, ""uncached_input_tokens"": 1534, ""action"": ""execute""}, {""step"": 2, ""stage"": 1, ""est_request_tokens"": 2323, ""pressure_before_management"": false, ""pressure"": false, ""recovery"": false, ""reported_input_tokens"": 2716, ""cache_read_input_tokens"": 0, ""cache_creation_input_tokens"": 0, ""uncached_input_tokens"": 2716, ""action"": ""execute""}, {""step"": 3, ""stage"": 1, ""est_request_tokens"": 3178, ""pressure_before_management"": false, ""pressure"": false, ""recovery"": false, ""reported_input_tokens"": 3540, ""cache_read_input_tokens"": 0, ""cache_creation_input_tokens"": 0, ""uncached_input_tokens"": 3540, ""action"": ""advance""}, {""step"": 4, ""stage"": 2, ""est_request_tokens"": 3823, ""pressure_before_management"": false, ""pressure"": false, ""recovery"": false, ""reported_input_tokens"": 4013, ""cache_read_input_tokens"": 0, ""cache_creation_input_tokens"": 0, ""uncached_input_tokens"": 4013, ""action"": ""execute""}, {""step"": 5, ""stage"": 2, ""est_request_tokens"": 4703, ""pressure_before_management"": false, ""pressure"": false, ""recovery"": false, ""reported_input_tokens"": 4932, ""cache_read_input_tokens"": 0, ""cache_creation_input_tokens"": 0, ""uncached_input_tokens"": 4932, ""action"": ""advance""}, {""step"": 6, ""stage"": 3, ""est_request_tokens"": 5215, ""pressure_before_management"": false, ""pressure"": false, ""recovery"": false, ""reported_input_tokens"": 5313, ""cache_read_input_tokens"": 0, ""cache_creation_input_tokens"": 0, ""uncached_input_tokens"": 5313, ""action"": ""execute""}, {""step"": 7, ""stage"": 3, ""est_request_tokens"": 3957, ""pressure_before_management"": true, ""pressure"": false, ""recovery"": false, ""reported_input_tokens"": 3951, ""cache_read_input_tokens"": 0, ""cache_creation_input_tokens"": 0, ""uncached_input_tokens"": 3951, ""action"": ""advance""}, {""step"": 8, ""stage"": 4, ""est_request_tokens"": 4434, ""pressure_before_management"": false, ""pressure"": false, ""recovery"": false, ""reported_input_tokens"": 4422, ""cache_read_input_tokens"": 0, ""cache_creation_input_tokens"": 0, ""uncached_input_tokens"": 4422, ""action"": ""execute""}, {""step"": 9, ""stage"": 4, ""est_request_tokens"": 5101, ""pressure_before_management"": false, ""pressure"": false, ""recovery"": false, ""reported_input_tokens"": 5218, ""cache_read_input_tokens"": 0, ""cache_creation_input_tokens"": 0, ""uncached_input_tokens"": 5218, ""action"": ""execute""}, {""step"": 10, ""stage"": 4, ""est_request_tokens"": 4418, ""pressure_before_management"": true, ""pressure"": false, ""recovery"": false, ""reported_input_tokens"": 4553, ""cache_read_input_tokens"": 0, ""cache_creation_input_tokens"": 0, ""uncached_input_tokens"": 4553, ""action"": ""final""}]"
20261004T235809-clm-cacheon-coding-eval-4-7a4e,evaluation,0.143881,clm,coding-eval-4,completed,True,correct,True,invoice-checks/1,correct,True,invoice-checks/1,True,28,28,0,,,4,4,0,16,16,0,8,8,0,12,12,0,0,0,8,4,4,0,0,0,0,1295,3693,4428,0.143881,67.4,2026-10-04.1,723966d3b0cee90813a8773fcd4382932adcc8108c7bcce64e55777abf7aa7ed,blocks/1,on,5m,run-tag/1,26779,11897,0,52.086,0.143881,26779,11897,1295,52.086,,,,,,4,4,,,"[4, 6, 9, 12]",[],[],[],4,1,9,5,3,0,"[{""step"": 1, ""stage"": 1, ""est_request_tokens"": 1441, ""pressure_before_management"": false, ""pressure"": false, ""recovery"": false, ""reported_input_tokens"": 1831, ""cache_read_input_tokens"": 0, ""cache_creation_input_tokens"": 1724, ""uncached_input_tokens"": 107, ""action"": ""execute""}, {""step"": 2, ""stage"": 1, ""est_request_tokens"": 2545, ""pressure_before_management"": false, ""pressure"": false, ""recovery"": false, ""reported_input_tokens"": 2943, ""cache_read_input_tokens"": 1724, ""cache_creation_input_tokens"": 1111, ""uncached_input_tokens"": 108, ""action"": ""execute""}, {""step"": 3, ""stage"": 1, ""est_request_tokens"": 3822, ""pressure_before_management"": false, ""pressure"": false, ""recovery"": false, ""reported_input_tokens"": 4428, ""cache_read_input_tokens"": 2835, ""cache_creation_input_tokens"": 1485, ""uncached_input_tokens"": 108, ""action"": ""execute""}, {""step"": 4, ""stage"": 1, ""est_request_tokens"": 2845, ""pressure_before_management"": false, ""pressure"": false, ""recovery"": false, ""reported_input_tokens"": 2980, ""cache_read_input_tokens"": 1724, ""cache_creation_input_tokens"": 1148, ""uncached_input_tokens"": 108, ""action"": ""advance""}, {""step"": 5, ""stage"": 2, ""est_request_tokens"": 3282, ""pressure_before_management"": false, ""pressure"": false, ""recovery"": false, ""reported_input_tokens"": 3360, ""cache_read_input_tokens"": 2872, ""cache_creation_input_tokens"": 380, ""uncached_input_tokens"": 108, ""action"": ""execute""}, {""step"": 6, ""stage"": 2, ""est_request_tokens"": 2971, ""pressure_before_management"": false, ""pressure"": false, ""recovery"": false, ""reported_input_tokens"": 2984, ""cache_read_input_tokens"": 1724, ""cache_creation_input_tokens"": 1152, ""uncached_input_tokens"": 108, ""action"": ""advance""}, {""step"": 7, ""stage"": 3, ""est_request_tokens"": 3421, ""pressure_before_management"": false, ""pressure"": false, ""recovery"": false, ""reported_input_tokens"": 3434, ""cache_read_input_tokens"": 2876, ""cache_creation_input_tokens"": 450, ""uncached_input_tokens"": 108, ""action"": ""execute""}, {""step"": 8, ""stage"": 3, ""est_request_tokens"": 4122, ""pressure_before_management"": false, ""pressure"": false, ""recovery"": false, ""reported_input_tokens"": 4212, ""cache_read_input_tokens"": 3326, ""cache_creation_input_tokens"": 778, ""uncached_input_tokens"": 108, ""action"": ""execute""}, {""step"": 9, ""stage"": 3, ""est_request_tokens"": 2991, ""pressure_before_management"": false, ""pressure"": false, ""recovery"": false, ""reported_input_tokens"": 2981, ""cache_read_input_tokens"": 1724, ""cache_creation_input_tokens"": 1149, ""uncached_input_tokens"": 108, ""action"": ""advance""}, {""step"": 10, ""stage"": 4, ""est_request_tokens"": 3537, ""pressure_before_management"": false, ""pressure"": false, ""recovery"": false, ""reported_input_tokens"": 3485, ""cache_read_input_tokens"": 2873, ""cache_creation_input_tokens"": 504, ""uncached_input_tokens"": 108, ""action"": ""execute""}, {""step"": 11, ""stage"": 4, ""est_request_tokens"": 4316, ""pressure_before_management"": false, ""pressure"": false, ""recovery"": false, ""reported_input_tokens"": 4397, ""cache_read_input_tokens"": 3377, ""cache_creation_input_tokens"": 912, ""uncached_input_tokens"": 108, ""action"": ""execute""}, {""step"": 12, ""stage"": 4, ""est_request_tokens"": 2951, ""pressure_before_management"": false, ""pressure"": false, ""recovery"": false, ""reported_input_tokens"": 2936, ""cache_read_input_tokens"": 1724, ""cache_creation_input_tokens"": 1104, ""uncached_input_tokens"": 108, ""action"": ""final""}]"
20261004T235917-summary-cacheoff-coding-eval-4-4520,evaluation,0.354864,summary,coding-eval-4,completed,True,correct,True,invoice-checks/1,correct,True,invoice-checks/1,True,28,28,0,,,4,4,0,16,16,0,8,8,0,14,12,0,2,0,8,0,0,0,2,0,2,56116,6520,5526,0.354864,93.3,2026-10-04.1,723966d3b0cee90813a8773fcd4382932adcc8108c7bcce64e55777abf7aa7ed,blocks/1,off,,run-tag/1,0,0,0,79.915,0.266752,0,0,47213,56.162,0.088112,0,0,8903,23.753,4,4,8,3,[],"[8, 11]",[],[],8,3,5,3,1,0,"[{""step"": 1, ""stage"": 1, ""est_request_tokens"": 1161, ""pressure_before_management"": false, ""pressure"": false, ""recovery"": false, ""reported_input_tokens"": 1535, ""cache_read_input_tokens"": 0, ""cache_creation_input_tokens"": 0, ""uncached_input_tokens"": 1535, ""action"": ""execute""}, {""step"": 2, ""stage"": 1, ""est_request_tokens"": 2145, ""pressure_before_management"": false, ""pressure"": false, ""recovery"": false, ""reported_input_tokens"": 2498, ""cache_read_input_tokens"": 0, ""cache_creation_input_tokens"": 0, ""uncached_input_tokens"": 2498, ""action"": ""execute""}, {""step"": 3, ""stage"": 1, ""est_request_tokens"": 2605, ""pressure_before_management"": false, ""pressure"": false, ""recovery"": false, ""reported_input_tokens"": 2841, ""cache_read_input_tokens"": 0, ""cache_creation_input_tokens"": 0, ""uncached_input_tokens"": 2841, ""action"": ""execute""}, {""step"": 4, ""stage"": 1, ""est_request_tokens"": 3489, ""pressure_before_management"": false, ""pressure"": false, ""recovery"": false, ""reported_input_tokens"": 3712, ""cache_read_input_tokens"": 0, ""cache_creation_input_tokens"": 0, ""uncached_input_tokens"": 3712, ""action"": ""advance""}, {""step"": 5, ""stage"": 2, ""est_request_tokens"": 3968, ""pressure_before_management"": false, ""pressure"": false, ""recovery"": false, ""reported_input_tokens"": 4092, ""cache_read_input_tokens"": 0, ""cache_creation_input_tokens"": 0, ""uncached_input_tokens"": 4092, ""action"": ""execute""}, {""step"": 6, ""stage"": 2, ""est_request_tokens"": 4739, ""pressure_before_management"": false, ""pressure"": false, ""recovery"": false, ""reported_input_tokens"": 4840, ""cache_read_input_tokens"": 0, ""cache_creation_input_tokens"": 0, ""uncached_input_tokens"": 4840, ""action"": ""advance""}, {""step"": 7, ""stage"": 3, ""est_request_tokens"": 5254, ""pressure_before_management"": false, ""pressure"": false, ""recovery"": false, ""reported_input_tokens"": 5306, ""cache_read_input_tokens"": 0, ""cache_creation_input_tokens"": 0, ""uncached_input_tokens"": 5306, ""action"": ""execute""}, {""step"": 8, ""stage"": 3, ""est_request_tokens"": 4051, ""pressure_before_management"": true, ""pressure"": false, ""recovery"": false, ""reported_input_tokens"": 3996, ""cache_read_input_tokens"": 0, ""cache_creation_input_tokens"": 0, ""uncached_input_tokens"": 3996, ""action"": ""advance""}, {""step"": 9, ""stage"": 4, ""est_request_tokens"": 4590, ""pressure_before_management"": false, ""pressure"": false, ""recovery"": false, ""reported_input_tokens"": 4516, ""cache_read_input_tokens"": 0, ""cache_creation_input_tokens"": 0, ""uncached_input_tokens"": 4516, ""action"": ""execute""}, {""step"": 10, ""stage"": 4, ""est_request_tokens"": 5489, ""pressure_before_management"": false, ""pressure"": false, ""recovery"": false, ""reported_input_tokens"": 5526, ""cache_read_input_tokens"": 0, ""cache_creation_input_tokens"": 0, ""uncached_input_tokens"": 5526, ""action"": ""execute""}, {""step"": 11, ""stage"": 4, ""est_request_tokens"": 3834, ""pressure_before_management"": true, ""pressure"": false, ""recovery"": false, ""reported_input_tokens"": 3935, ""cache_read_input_tokens"": 0, ""cache_creation_input_tokens"": 0, ""uncached_input_tokens"": 3935, ""action"": ""execute""}, {""step"": 12, ""stage"": 4, ""est_request_tokens"": 4293, ""pressure_before_management"": false, ""pressure"": false, ""recovery"": false, ""reported_input_tokens"": 4416, ""cache_read_input_tokens"": 0, ""cache_creation_input_tokens"": 0, ""uncached_input_tokens"": 4416, ""action"": ""final""}]"
20261005T000050-clm-cacheoff-coding-eval-4-83fc,evaluation,0.190988,clm,coding-eval-4,completed,True,correct,True,invoice-checks/1,correct,True,invoice-checks/1,True,28,28,0,,,4,4,0,16,16,0,8,8,0,10,10,0,0,0,6,4,4,0,0,0,0,31542,3241,4166,0.190988,58.6,2026-10-04.1,723966d3b0cee90813a8773fcd4382932adcc8108c7bcce64e55777abf7aa7ed,blocks/1,off,,run-tag/1,0,0,0,48.413,0.190988,0,0,31542,48.413,,,,,,4,4,,,"[3, 5, 7, 10]",[],[],[],3,1,8,4,3,0,"[{""step"": 1, ""stage"": 1, ""est_request_tokens"": 1441, ""pressure_before_management"": false, ""pressure"": false, ""recovery"": false, ""reported_input_tokens"": 1828, ""cache_read_input_tokens"": 0, ""cache_creation_input_tokens"": 0, ""uncached_input_tokens"": 1828, ""action"": ""execute""}, {""step"": 2, ""stage"": 1, ""est_request_tokens"": 2626, ""pressure_before_management"": false, ""pressure"": false, ""recovery"": false, ""reported_input_tokens"": 3063, ""cache_read_input_tokens"": 0, ""cache_creation_input_tokens"": 0, ""uncached_input_tokens"": 3063, ""action"": ""execute""}, {""step"": 3, ""stage"": 1, ""est_request_tokens"": 2529, ""pressure_before_management"": false, ""pressure"": false, ""recovery"": false, ""reported_input_tokens"": 2820, ""cache_read_input_tokens"": 0, ""cache_creation_input_tokens"": 0, ""uncached_input_tokens"": 2820, ""action"": ""advance""}, {""step"": 4, ""stage"": 2, ""est_request_tokens"": 3024, ""pressure_before_management"": false, ""pressure"": false, ""recovery"": false, ""reported_input_tokens"": 3200, ""cache_read_input_tokens"": 0, ""cache_creation_input_tokens"": 0, ""uncached_input_tokens"": 3200, ""action"": ""execute""}, {""step"": 5, ""stage"": 2, ""est_request_tokens"": 3218, ""pressure_before_management"": false, ""pressure"": false, ""recovery"": false, ""reported_input_tokens"": 3366, ""cache_read_input_tokens"": 0, ""cache_creation_input_tokens"": 0, ""uncached_input_tokens"": 3366, ""action"": ""advance""}, {""step"": 6, ""stage"": 3, ""est_request_tokens"": 3733, ""pressure_before_management"": false, ""pressure"": false, ""recovery"": false, ""reported_input_tokens"": 3816, ""cache_read_input_tokens"": 0, ""cache_creation_input_tokens"": 0, ""uncached_input_tokens"": 3816, ""action"": ""execute""}, {""step"": 7, ""stage"": 3, ""est_request_tokens"": 2903, ""pressure_before_management"": false, ""pressure"": false, ""recovery"": false, ""reported_input_tokens"": 2883, ""cache_read_input_tokens"": 0, ""cache_creation_input_tokens"": 0, ""uncached_input_tokens"": 2883, ""action"": ""advance""}, {""step"": 8, ""stage"": 4, ""est_request_tokens"": 3441, ""pressure_before_management"": false, ""pressure"": false, ""recovery"": false, ""reported_input_tokens"": 3387, ""cache_read_input_tokens"": 0, ""cache_creation_input_tokens"": 0, ""uncached_input_tokens"": 3387, ""action"": ""execute""}, {""step"": 9, ""stage"": 4, ""est_request_tokens"": 4075, ""pressure_before_management"": false, ""pressure"": false, ""recovery"": false, ""reported_input_tokens"": 4166, ""cache_read_input_tokens"": 0, ""cache_creation_input_tokens"": 0, ""uncached_input_tokens"": 4166, ""action"": ""execute""}, {""step"": 10, ""stage"": 4, ""est_request_tokens"": 3029, ""pressure_before_management"": false, ""pressure"": false, ""recovery"": false, ""reported_input_tokens"": 3013, ""cache_read_input_tokens"": 0, ""cache_creation_input_tokens"": 0, ""uncached_input_tokens"": 3013, ""action"": ""final""}]"
20261005T000149-summary-cacheon-coding-eval-4-f6cd,evaluation,0.299922,summary,coding-eval-4,completed,True,correct,True,invoice-checks/1,correct,True,invoice-checks/1,True,28,28,0,,,4,4,0,16,16,0,8,8,0,15,12,0,3,0,8,0,0,0,3,0,3,1400,7601,5734,0.299921,109.4,2026-10-04.1,723966d3b0cee90813a8773fcd4382932adcc8108c7bcce64e55777abf7aa7ed,blocks/1,on,5m,run-tag/1,32355,27166,0,90.138,0.161556,30725,15150,1295,54.006,0.138366,1630,12016,105,36.132,4,4,7,3,[],"[7, 9, 12]",[],[],7,3,6,4,1,0,"[{""step"": 1, ""stage"": 1, ""est_request_tokens"": 1161, ""pressure_before_management"": false, ""pressure"": false, ""recovery"": false, ""reported_input_tokens"": 1535, ""cache_read_input_tokens"": 0, ""cache_creation_input_tokens"": 1428, ""uncached_input_tokens"": 107, ""action"": ""execute""}, {""step"": 2, ""stage"": 1, ""est_request_tokens"": 2143, ""pressure_before_management"": false, ""pressure"": false, ""recovery"": false, ""reported_input_tokens"": 2502, ""cache_read_input_tokens"": 1428, ""cache_creation_input_tokens"": 966, ""uncached_input_tokens"": 108, ""action"": ""execute""}, {""step"": 3, ""stage"": 1, ""est_request_tokens"": 3352, ""pressure_before_management"": false, ""pressure"": false, ""recovery"": false, ""reported_input_tokens"": 3703, ""cache_read_input_tokens"": 2394, ""cache_creation_input_tokens"": 1201, ""uncached_input_tokens"": 108, ""action"": ""execute""}, {""step"": 4, ""stage"": 1, ""est_request_tokens"": 3860, ""pressure_before_management"": false, ""pressure"": false, ""recovery"": false, ""reported_input_tokens"": 4069, ""cache_read_input_tokens"": 3595, ""cache_creation_input_tokens"": 366, ""uncached_input_tokens"": 108, ""action"": ""advance""}, {""step"": 5, ""stage"": 2, ""est_request_tokens"": 4334, ""pressure_before_management"": false, ""pressure"": false, ""recovery"": false, ""reported_input_tokens"": 4449, ""cache_read_input_tokens"": 3961, ""cache_creation_input_tokens"": 380, ""uncached_input_tokens"": 108, ""action"": ""execute""}, {""step"": 6, ""stage"": 2, ""est_request_tokens"": 5116, ""pressure_before_management"": false, ""pressure"": false, ""recovery"": false, ""reported_input_tokens"": 5267, ""cache_read_input_tokens"": 4341, ""cache_creation_input_tokens"": 818, ""uncached_input_tokens"": 108, ""action"": ""advance""}, {""step"": 7, ""stage"": 3, ""est_request_tokens"": 3339, ""pressure_before_management"": true, ""pressure"": false, ""recovery"": false, ""reported_input_tokens"": 3282, ""cache_read_input_tokens"": 1428, ""cache_creation_input_tokens"": 1746, ""uncached_input_tokens"": 108, ""action"": ""execute""}, {""step"": 8, ""stage"": 3, ""est_request_tokens"": 5308, ""pressure_before_management"": false, ""pressure"": false, ""recovery"": false, ""reported_input_tokens"": 5734, ""cache_read_input_tokens"": 3174, ""cache_creation_input_tokens"": 2452, ""uncached_input_tokens"": 108, ""action"": ""execute""}, {""step"": 9, ""stage"": 3, ""est_request_tokens"": 3697, ""pressure_before_management"": true, ""pressure"": false, ""recovery"": false, ""reported_input_tokens"": 3630, ""cache_read_input_tokens"": 1428, ""cache_creation_input_tokens"": 2094, ""uncached_input_tokens"": 108, ""action"": ""advance""}, {""step"": 10, ""stage"": 4, ""est_request_tokens"": 4229, ""pressure_before_management"": false, ""pressure"": false, ""recovery"": false, ""reported_input_tokens"": 4134, ""cache_read_input_tokens"": 3522, ""cache_creation_input_tokens"": 504, ""uncached_input_tokens"": 108, ""action"": ""execute""}, {""step"": 11, ""stage"": 4, ""est_request_tokens"": 4851, ""pressure_before_management"": false, ""pressure"": false, ""recovery"": false, ""reported_input_tokens"": 4899, ""cache_read_input_tokens"": 4026, ""cache_creation_input_tokens"": 765, ""uncached_input_tokens"": 108, ""action"": ""execute""}, {""step"": 12, ""stage"": 4, ""est_request_tokens"": 3942, ""pressure_before_management"": true, ""pressure"": false, ""recovery"": false, ""reported_input_tokens"": 3966, ""cache_read_input_tokens"": 1428, ""cache_creation_input_tokens"": 2430, ""uncached_input_tokens"": 108, ""action"": ""final""}]"
20261005T000338-summary-cacheon-coding-eval-1-5991,evaluation,0.168119,summary,coding-eval-1,completed,True,correct,True,invoice-checks/1,correct,True,invoice-checks/1,True,28,28,0,,,8,8,0,12,12,0,8,8,0,10,9,0,1,0,5,0,0,0,1,0,1,1006,4730,5104,0.168119,72.9,2026-10-04.1,0f8dedc5f60071e74599a5ae03b2dc3c65c1f14ac44b8510986bf82f2bd6e8a6,blocks/1,on,5m,run-tag/1,24976,12900,0,60.336,0.121624,24976,8517,971,46.462,0.046495,0,4383,35,13.874,4,4,7,3,[],[7],[],[],7,3,3,1,1,0,"[{""step"": 1, ""stage"": 1, ""est_request_tokens"": 1161, ""pressure_before_management"": false, ""pressure"": false, ""recovery"": false, ""reported_input_tokens"": 1533, ""cache_read_input_tokens"": 0, ""cache_creation_input_tokens"": 1426, ""uncached_input_tokens"": 107, ""action"": ""execute""}, {""step"": 2, ""stage"": 1, ""est_request_tokens"": 2348, ""pressure_before_management"": false, ""pressure"": false, ""recovery"": false, ""reported_input_tokens"": 2751, ""cache_read_input_tokens"": 1426, ""cache_creation_input_tokens"": 1217, ""uncached_input_tokens"": 108, ""action"": ""execute""}, {""step"": 3, ""stage"": 1, ""est_request_tokens"": 3101, ""pressure_before_management"": false, ""pressure"": false, ""recovery"": false, ""reported_input_tokens"": 3444, ""cache_read_input_tokens"": 2643, ""cache_creation_input_tokens"": 693, ""uncached_input_tokens"": 108, ""action"": ""advance""}, {""step"": 4, ""stage"": 2, ""est_request_tokens"": 3640, ""pressure_before_management"": false, ""pressure"": false, ""recovery"": false, ""reported_input_tokens"": 3825, ""cache_read_input_tokens"": 3336, ""cache_creation_input_tokens"": 381, ""uncached_input_tokens"": 108, ""action"": ""execute""}, {""step"": 5, ""stage"": 2, ""est_request_tokens"": 4503, ""pressure_before_management"": false, ""pressure"": false, ""recovery"": false, ""reported_input_tokens"": 4677, ""cache_read_input_tokens"": 3717, ""cache_creation_input_tokens"": 852, ""uncached_input_tokens"": 108, ""action"": ""advance""}, {""step"": 6, ""stage"": 3, ""est_request_tokens"": 5041, ""pressure_before_management"": false, ""pressure"": false, ""recovery"": false, ""reported_input_tokens"": 5104, ""cache_read_input_tokens"": 4569, ""cache_creation_input_tokens"": 427, ""uncached_input_tokens"": 108, ""action"": ""execute""}, {""step"": 7, ""stage"": 3, ""est_request_tokens"": 3847, ""pressure_before_management"": true, ""pressure"": false, ""recovery"": false, ""reported_input_tokens"": 3798, ""cache_read_input_tokens"": 1426, ""cache_creation_input_tokens"": 2264, ""uncached_input_tokens"": 108, ""action"": ""advance""}, {""step"": 8, ""stage"": 4, ""est_request_tokens"": 4285, ""pressure_before_management"": false, ""pressure"": false, ""recovery"": false, ""reported_input_tokens"": 4277, ""cache_read_input_tokens"": 3690, ""cache_creation_input_tokens"": 479, ""uncached_input_tokens"": 108, ""action"": ""execute""}, {""step"": 9, ""stage"": 4, ""est_request_tokens"": 4974, ""pressure_before_management"": false, ""pressure"": false, ""recovery"": false, ""reported_input_tokens"": 5055, ""cache_read_input_tokens"": 4169, ""cache_creation_input_tokens"": 778, ""uncached_input_tokens"": 108, ""action"": ""final""}]"
20261005T000451-clm-cacheoff-coding-eval-1-36f3,evaluation,0.236732,clm,coding-eval-1,completed,True,correct,True,invoice-checks/1,correct,True,invoice-checks/1,True,28,28,0,,,8,8,0,12,12,0,8,8,0,11,11,0,0,0,7,3,3,0,0,0,0,38183,4200,4614,0.236732,68.6,2026-10-04.1,0f8dedc5f60071e74599a5ae03b2dc3c65c1f14ac44b8510986bf82f2bd6e8a6,blocks/1,off,,run-tag/1,0,0,0,55.006,0.236732,0,0,38183,55.006,,,,,,4,4,,,"[4, 6, 9]",[],[],[],4,1,8,4,3,0,"[{""step"": 1, ""stage"": 1, ""est_request_tokens"": 1441, ""pressure_before_management"": false, ""pressure"": false, ""recovery"": false, ""reported_input_tokens"": 1831, ""cache_read_input_tokens"": 0, ""cache_creation_input_tokens"": 0, ""uncached_input_tokens"": 1831, ""action"": ""execute""}, {""step"": 2, ""stage"": 1, ""est_request_tokens"": 2547, ""pressure_before_management"": false, ""pressure"": false, ""recovery"": false, ""reported_input_tokens"": 2943, ""cache_read_input_tokens"": 0, ""cache_creation_input_tokens"": 0, ""uncached_input_tokens"": 2943, ""action"": ""execute""}, {""step"": 3, ""stage"": 1, ""est_request_tokens"": 3814, ""pressure_before_management"": false, ""pressure"": false, ""recovery"": false, ""reported_input_tokens"": 4425, ""cache_read_input_tokens"": 0, ""cache_creation_input_tokens"": 0, ""uncached_input_tokens"": 4425, ""action"": ""execute""}, {""step"": 4, ""stage"": 1, ""est_request_tokens"": 2960, ""pressure_before_management"": false, ""pressure"": false, ""recovery"": false, ""reported_input_tokens"": 3046, ""cache_read_input_tokens"": 0, ""cache_creation_input_tokens"": 0, ""uncached_input_tokens"": 3046, ""action"": ""advance""}, {""step"": 5, ""stage"": 2, ""est_request_tokens"": 3383, ""pressure_before_management"": false, ""pressure"": false, ""recovery"": false, ""reported_input_tokens"": 3427, ""cache_read_input_tokens"": 0, ""cache_creation_input_tokens"": 0, ""uncached_input_tokens"": 3427, ""action"": ""execute""}, {""step"": 6, ""stage"": 2, ""est_request_tokens"": 3011, ""pressure_before_management"": false, ""pressure"": false, ""recovery"": false, ""reported_input_tokens"": 3029, ""cache_read_input_tokens"": 0, ""cache_creation_input_tokens"": 0, ""uncached_input_tokens"": 3029, ""action"": ""advance""}, {""step"": 7, ""stage"": 3, ""est_request_tokens"": 3462, ""pressure_before_management"": false, ""pressure"": false, ""recovery"": false, ""reported_input_tokens"": 3456, ""cache_read_input_tokens"": 0, ""cache_creation_input_tokens"": 0, ""uncached_input_tokens"": 3456, ""action"": ""execute""}, {""step"": 8, ""stage"": 3, ""est_request_tokens"": 4214, ""pressure_before_management"": false, ""pressure"": false, ""recovery"": false, ""reported_input_tokens"": 4280, ""cache_read_input_tokens"": 0, ""cache_creation_input_tokens"": 0, ""uncached_input_tokens"": 4280, ""action"": ""execute""}, {""step"": 9, ""stage"": 3, ""est_request_tokens"": 3240, ""pressure_before_management"": false, ""pressure"": false, ""recovery"": false, ""reported_input_tokens"": 3309, ""cache_read_input_tokens"": 0, ""cache_creation_input_tokens"": 0, ""uncached_input_tokens"": 3309, ""action"": ""advance""}, {""step"": 10, ""stage"": 4, ""est_request_tokens"": 3772, ""pressure_before_management"": false, ""pressure"": false, ""recovery"": false, ""reported_input_tokens"": 3823, ""cache_read_input_tokens"": 0, ""cache_creation_input_tokens"": 0, ""uncached_input_tokens"": 3823, ""action"": ""execute""}, {""step"": 11, ""stage"": 4, ""est_request_tokens"": 4514, ""pressure_before_management"": false, ""pressure"": false, ""recovery"": false, ""reported_input_tokens"": 4614, ""cache_read_input_tokens"": 0, ""cache_creation_input_tokens"": 0, ""uncached_input_tokens"": 4614, ""action"": ""final""}]"
20261005T000600-summary-cacheoff-coding-eval-1-4fbe,evaluation,0.262796,summary,coding-eval-1,completed,True,correct,True,invoice-checks/1,correct,True,invoice-checks/1,True,28,28,0,,,8,8,0,12,12,0,8,8,0,11,10,0,1,0,6,0,0,0,1,0,1,42489,4642,5193,0.262796,66.6,2026-10-04.1,0f8dedc5f60071e74599a5ae03b2dc3c65c1f14ac44b8510986bf82f2bd6e8a6,blocks/1,off,,run-tag/1,0,0,0,56.358,0.219028,0,0,37982,44.321,0.043768,0,0,4507,12.037,4,4,8,3,[],[8],[],[],8,3,3,1,1,0,"[{""step"": 1, ""stage"": 1, ""est_request_tokens"": 1161, ""pressure_before_management"": false, ""pressure"": false, ""recovery"": false, ""reported_input_tokens"": 1538, ""cache_read_input_tokens"": 0, ""cache_creation_input_tokens"": 0, ""uncached_input_tokens"": 1538, ""action"": ""execute""}, {""step"": 2, ""stage"": 1, ""est_request_tokens"": 2129, ""pressure_before_management"": false, ""pressure"": false, ""recovery"": false, ""reported_input_tokens"": 2475, ""cache_read_input_tokens"": 0, ""cache_creation_input_tokens"": 0, ""uncached_input_tokens"": 2475, ""action"": ""execute""}, {""step"": 3, ""stage"": 1, ""est_request_tokens"": 2586, ""pressure_before_management"": false, ""pressure"": false, ""recovery"": false, ""reported_input_tokens"": 2818, ""cache_read_input_tokens"": 0, ""cache_creation_input_tokens"": 0, ""uncached_input_tokens"": 2818, ""action"": ""execute""}, {""step"": 4, ""stage"": 1, ""est_request_tokens"": 3396, ""pressure_before_management"": false, ""pressure"": false, ""recovery"": false, ""reported_input_tokens"": 3611, ""cache_read_input_tokens"": 0, ""cache_creation_input_tokens"": 0, ""uncached_input_tokens"": 3611, ""action"": ""advance""}, {""step"": 5, ""stage"": 2, ""est_request_tokens"": 3884, ""pressure_before_management"": false, ""pressure"": false, ""recovery"": false, ""reported_input_tokens"": 3992, ""cache_read_input_tokens"": 0, ""cache_creation_input_tokens"": 0, ""uncached_input_tokens"": 3992, ""action"": ""execute""}, {""step"": 6, ""stage"": 2, ""est_request_tokens"": 4660, ""pressure_before_management"": false, ""pressure"": false, ""recovery"": false, ""reported_input_tokens"": 4766, ""cache_read_input_tokens"": 0, ""cache_creation_input_tokens"": 0, ""uncached_input_tokens"": 4766, ""action"": ""advance""}, {""step"": 7, ""stage"": 3, ""est_request_tokens"": 5165, ""pressure_before_management"": false, ""pressure"": false, ""recovery"": false, ""reported_input_tokens"": 5193, ""cache_read_input_tokens"": 0, ""cache_creation_input_tokens"": 0, ""uncached_input_tokens"": 5193, ""action"": ""execute""}, {""step"": 8, ""stage"": 3, ""est_request_tokens"": 3991, ""pressure_before_management"": true, ""pressure"": false, ""recovery"": false, ""reported_input_tokens"": 3988, ""cache_read_input_tokens"": 0, ""cache_creation_input_tokens"": 0, ""uncached_input_tokens"": 3988, ""action"": ""advance""}, {""step"": 9, ""stage"": 4, ""est_request_tokens"": 4454, ""pressure_before_management"": false, ""pressure"": false, ""recovery"": false, ""reported_input_tokens"": 4467, ""cache_read_input_tokens"": 0, ""cache_creation_input_tokens"": 0, ""uncached_input_tokens"": 4467, ""action"": ""execute""}, {""step"": 10, ""stage"": 4, ""est_request_tokens"": 5077, ""pressure_before_management"": false, ""pressure"": false, ""recovery"": false, ""reported_input_tokens"": 5134, ""cache_read_input_tokens"": 0, ""cache_creation_input_tokens"": 0, ""uncached_input_tokens"": 5134, ""action"": ""final""}]"
20261005T000706-clm-cacheon-coding-eval-1-a0c8,evaluation,0.109255,clm,coding-eval-1,completed,True,correct,True,invoice-checks/1,correct,True,invoice-checks/1,True,28,28,0,,,8,8,0,12,12,0,8,8,0,9,9,0,0,0,5,2,2,0,0,0,0,971,3073,4223,0.109256,53.2,2026-10-04.1,0f8dedc5f60071e74599a5ae03b2dc3c65c1f14ac44b8510986bf82f2bd6e8a6,blocks/1,on,5m,run-tag/1,21037,7941,0,44.354,0.109255,21037,7941,971,44.354,,,,,,4,4,,,"[5, 7]",[],[],[],5,2,5,2,2,0,"[{""step"": 1, ""stage"": 1, ""est_request_tokens"": 1441, ""pressure_before_management"": false, ""pressure"": false, ""recovery"": false, ""reported_input_tokens"": 1829, ""cache_read_input_tokens"": 0, ""cache_creation_input_tokens"": 1722, ""uncached_input_tokens"": 107, ""action"": ""execute""}, {""step"": 2, ""stage"": 1, ""est_request_tokens"": 2595, ""pressure_before_management"": false, ""pressure"": false, ""recovery"": false, ""reported_input_tokens"": 3008, ""cache_read_input_tokens"": 1722, ""cache_creation_input_tokens"": 1178, ""uncached_input_tokens"": 108, ""action"": ""execute""}, {""step"": 3, ""stage"": 1, ""est_request_tokens"": 3257, ""pressure_before_management"": false, ""pressure"": false, ""recovery"": false, ""reported_input_tokens"": 3595, ""cache_read_input_tokens"": 2900, ""cache_creation_input_tokens"": 587, ""uncached_input_tokens"": 108, ""action"": ""advance""}, {""step"": 4, ""stage"": 2, ""est_request_tokens"": 3785, ""pressure_before_management"": false, ""pressure"": false, ""recovery"": false, ""reported_input_tokens"": 3976, ""cache_read_input_tokens"": 3487, ""cache_creation_input_tokens"": 381, ""uncached_input_tokens"": 108, ""action"": ""execute""}, {""step"": 5, ""stage"": 2, ""est_request_tokens"": 2973, ""pressure_before_management"": false, ""pressure"": false, ""recovery"": false, ""reported_input_tokens"": 3083, ""cache_read_input_tokens"": 1722, ""cache_creation_input_tokens"": 1253, ""uncached_input_tokens"": 108, ""action"": ""advance""}, {""step"": 6, ""stage"": 3, ""est_request_tokens"": 3468, ""pressure_before_management"": false, ""pressure"": false, ""recovery"": false, ""reported_input_tokens"": 3510, ""cache_read_input_tokens"": 2975, ""cache_creation_input_tokens"": 427, ""uncached_input_tokens"": 108, ""action"": ""execute""}, {""step"": 7, ""stage"": 3, ""est_request_tokens"": 3081, ""pressure_before_management"": false, ""pressure"": false, ""recovery"": false, ""reported_input_tokens"": 3123, ""cache_read_input_tokens"": 1722, ""cache_creation_input_tokens"": 1293, ""uncached_input_tokens"": 108, ""action"": ""advance""}, {""step"": 8, ""stage"": 4, ""est_request_tokens"": 3558, ""pressure_before_management"": false, ""pressure"": false, ""recovery"": false, ""reported_input_tokens"": 3602, ""cache_read_input_tokens"": 3015, ""cache_creation_input_tokens"": 479, ""uncached_input_tokens"": 108, ""action"": ""execute""}, {""step"": 9, ""stage"": 4, ""est_request_tokens"": 4135, ""pressure_before_management"": false, ""pressure"": false, ""recovery"": false, ""reported_input_tokens"": 4223, ""cache_read_input_tokens"": 3494, ""cache_creation_input_tokens"": 621, ""uncached_input_tokens"": 108, ""action"": ""final""}]"
20261005T000759-clm-cacheoff-coding-eval-2-3f68,evaluation,0.237252,clm,coding-eval-2,completed,True,correct,True,invoice-checks/1,correct,True,invoice-checks/1,True,28,28,0,,,4,4,0,12,12,0,12,12,0,12,12,0,0,0,8,3,3,0,0,0,0,41668,3529,4619,0.237252,66.3,2026-10-04.1,d975c6f21735840d75f1f7fc3377c55c295fe52ce15c8ce1b53265a1f0383d25,blocks/1,off,,run-tag/1,0,0,0,55.069,0.237252,0,0,41668,55.069,,,,,,4,4,,,"[4, 6, 9]",[],[],[],4,1,9,5,3,0,"[{""step"": 1, ""stage"": 1, ""est_request_tokens"": 1441, ""pressure_before_management"": false, ""pressure"": false, ""recovery"": false, ""reported_input_tokens"": 1828, ""cache_read_input_tokens"": 0, ""cache_creation_input_tokens"": 0, ""uncached_input_tokens"": 1828, ""action"": ""execute""}, {""step"": 2, ""stage"": 1, ""est_request_tokens"": 2569, ""pressure_before_management"": false, ""pressure"": false, ""recovery"": false, ""reported_input_tokens"": 2978, ""cache_read_input_tokens"": 0, ""cache_creation_input_tokens"": 0, ""uncached_input_tokens"": 2978, ""action"": ""execute""}, {""step"": 3, ""stage"": 1, ""est_request_tokens"": 3854, ""pressure_before_management"": false, ""pressure"": false, ""recovery"": false, ""reported_input_tokens"": 4436, ""cache_read_input_tokens"": 0, ""cache_creation_input_tokens"": 0, ""uncached_input_tokens"": 4436, ""action"": ""execute""}, {""step"": 4, ""stage"": 1, ""est_request_tokens"": 3103, ""pressure_before_management"": false, ""pressure"": false, ""recovery"": false, ""reported_input_tokens"": 3178, ""cache_read_input_tokens"": 0, ""cache_creation_input_tokens"": 0, ""uncached_input_tokens"": 3178, ""action"": ""advance""}, {""step"": 5, ""stage"": 2, ""est_request_tokens"": 3507, ""pressure_before_management"": false, ""pressure"": false, ""recovery"": false, ""reported_input_tokens"": 3563, ""cache_read_input_tokens"": 0, ""cache_creation_input_tokens"": 0, ""uncached_input_tokens"": 3563, ""action"": ""execute""}, {""step"": 6, ""stage"": 2, ""est_request_tokens"": 2866, ""pressure_before_management"": false, ""pressure"": false, ""recovery"": false, ""reported_input_tokens"": 2896, ""cache_read_input_tokens"": 0, ""cache_creation_input_tokens"": 0, ""uncached_input_tokens"": 2896, ""action"": ""advance""}, {""step"": 7, ""stage"": 3, ""est_request_tokens"": 3312, ""pressure_before_management"": false, ""pressure"": false, ""recovery"": false, ""reported_input_tokens"": 3327, ""cache_read_input_tokens"": 0, ""cache_creation_input_tokens"": 0, ""uncached_input_tokens"": 3327, ""action"": ""execute""}, {""step"": 8, ""stage"": 3, ""est_request_tokens"": 4080, ""pressure_before_management"": false, ""pressure"": false, ""recovery"": false, ""reported_input_tokens"": 4182, ""cache_read_input_tokens"": 0, ""cache_creation_input_tokens"": 0, ""uncached_input_tokens"": 4182, ""action"": ""execute""}, {""step"": 9, ""stage"": 3, ""est_request_tokens"": 3070, ""pressure_before_management"": false, ""pressure"": false, ""recovery"": false, ""reported_input_tokens"": 3118, ""cache_read_input_tokens"": 0, ""cache_creation_input_tokens"": 0, ""uncached_input_tokens"": 3118, ""action"": ""advance""}, {""step"": 10, ""stage"": 4, ""est_request_tokens"": 3483, ""pressure_before_management"": false, ""pressure"": false, ""recovery"": false, ""reported_input_tokens"": 3497, ""cache_read_input_tokens"": 0, ""cache_creation_input_tokens"": 0, ""uncached_input_tokens"": 3497, ""action"": ""execute""}, {""step"": 11, ""stage"": 4, ""est_request_tokens"": 3984, ""pressure_before_management"": false, ""pressure"": false, ""recovery"": false, ""reported_input_tokens"": 4046, ""cache_read_input_tokens"": 0, ""cache_creation_input_tokens"": 0, ""uncached_input_tokens"": 4046, ""action"": ""execute""}, {""step"": 12, ""stage"": 4, ""est_request_tokens"": 4557, ""pressure_before_management"": false, ""pressure"": false, ""recovery"": false, ""reported_input_tokens"": 4619, ""cache_read_input_tokens"": 0, ""cache_creation_input_tokens"": 0, ""uncached_input_tokens"": 4619, ""action"": ""final""}]"
20261005T000906-clm-cacheon-coding-eval-2-cd0c,evaluation,0.120268,clm,coding-eval-2,completed,True,correct,True,invoice-checks/1,correct,True,invoice-checks/1,True,28,28,0,,,4,4,0,12,12,0,12,12,0,11,11,0,0,0,7,3,3,0,0,0,0,1187,3211,4636,0.120266,59.3,2026-10-04.1,d975c6f21735840d75f1f7fc3377c55c295fe52ce15c8ce1b53265a1f0383d25,blocks/1,on,5m,run-tag/1,25417,9243,0,49.256,0.120268,25417,9243,1187,49.256,,,,,,4,4,,,"[3, 5, 8]",[],[],[],3,1,9,5,3,0,"[{""step"": 1, ""stage"": 1, ""est_request_tokens"": 1441, ""pressure_before_management"": false, ""pressure"": false, ""recovery"": false, ""reported_input_tokens"": 1835, ""cache_read_input_tokens"": 0, ""cache_creation_input_tokens"": 1728, ""uncached_input_tokens"": 107, ""action"": ""execute""}, {""step"": 2, ""stage"": 1, ""est_request_tokens"": 2620, ""pressure_before_management"": false, ""pressure"": false, ""recovery"": false, ""reported_input_tokens"": 3030, ""cache_read_input_tokens"": 1728, ""cache_creation_input_tokens"": 1194, ""uncached_input_tokens"": 108, ""action"": ""execute""}, {""step"": 3, ""stage"": 1, ""est_request_tokens"": 2622, ""pressure_before_management"": false, ""pressure"": false, ""recovery"": false, ""reported_input_tokens"": 2906, ""cache_read_input_tokens"": 1728, ""cache_creation_input_tokens"": 1070, ""uncached_input_tokens"": 108, ""action"": ""advance""}, {""step"": 4, ""stage"": 2, ""est_request_tokens"": 3113, ""pressure_before_management"": false, ""pressure"": false, ""recovery"": false, ""reported_input_tokens"": 3291, ""cache_read_input_tokens"": 2798, ""cache_creation_input_tokens"": 385, ""uncached_input_tokens"": 108, ""action"": ""execute""}, {""step"": 5, ""stage"": 2, ""est_request_tokens"": 2720, ""pressure_before_management"": false, ""pressure"": false, ""recovery"": false, ""reported_input_tokens"": 2775, ""cache_read_input_tokens"": 1728, ""cache_creation_input_tokens"": 939, ""uncached_input_tokens"": 108, ""action"": ""advance""}, {""step"": 6, ""stage"": 3, ""est_request_tokens"": 3176, ""pressure_before_management"": false, ""pressure"": false, ""recovery"": false, ""reported_input_tokens"": 3206, ""cache_read_input_tokens"": 2667, ""cache_creation_input_tokens"": 431, ""uncached_input_tokens"": 108, ""action"": ""execute""}, {""step"": 7, ""stage"": 3, ""est_request_tokens"": 3781, ""pressure_before_management"": false, ""pressure"": false, ""recovery"": false, ""reported_input_tokens"": 3902, ""cache_read_input_tokens"": 3098, ""cache_creation_input_tokens"": 696, ""uncached_input_tokens"": 108, ""action"": ""execute""}, {""step"": 8, ""stage"": 3, ""est_request_tokens"": 2913, ""pressure_before_management"": false, ""pressure"": false, ""recovery"": false, ""reported_input_tokens"": 2916, ""cache_read_input_tokens"": 1728, ""cache_creation_input_tokens"": 1080, ""uncached_input_tokens"": 108, ""action"": ""advance""}, {""step"": 9, ""stage"": 4, ""est_request_tokens"": 3302, ""pressure_before_management"": false, ""pressure"": false, ""recovery"": false, ""reported_input_tokens"": 3295, ""cache_read_input_tokens"": 2808, ""cache_creation_input_tokens"": 379, ""uncached_input_tokens"": 108, ""action"": ""execute""}, {""step"": 10, ""stage"": 4, ""est_request_tokens"": 3965, ""pressure_before_management"": false, ""pressure"": false, ""recovery"": false, ""reported_input_tokens"": 4055, ""cache_read_input_tokens"": 3187, ""cache_creation_input_tokens"": 760, ""uncached_input_tokens"": 108, ""action"": ""execute""}, {""step"": 11, ""stage"": 4, ""est_request_tokens"": 4565, ""pressure_before_management"": false, ""pressure"": false, ""recovery"": false, ""reported_input_tokens"": 4636, ""cache_read_input_tokens"": 3947, ""cache_creation_input_tokens"": 581, ""uncached_input_tokens"": 108, ""action"": ""final""}]"
20261005T001005-summary-cacheon-coding-eval-2-0517,evaluation,0.22442,summary,coding-eval-2,completed,True,correct,True,invoice-checks/1,correct,True,invoice-checks/1,True,28,28,0,,,4,4,0,12,12,0,12,12,0,14,12,0,2,0,8,0,0,0,2,0,2,1365,5483,5594,0.22442,83.2,2026-10-04.1,d975c6f21735840d75f1f7fc3377c55c295fe52ce15c8ce1b53265a1f0383d25,blocks/1,on,5m,run-tag/1,37623,20355,0,68.806,0.135501,36805,12916,1295,46.142,0.088919,818,7439,70,22.664,4,4,7,3,[],"[7, 10]",[],[],7,3,6,4,1,0,"[{""step"": 1, ""stage"": 1, ""est_request_tokens"": 1161, ""pressure_before_management"": false, ""pressure"": false, ""recovery"": false, ""reported_input_tokens"": 1538, ""cache_read_input_tokens"": 0, ""cache_creation_input_tokens"": 1431, ""uncached_input_tokens"": 107, ""action"": ""execute""}, {""step"": 2, ""stage"": 1, ""est_request_tokens"": 2192, ""pressure_before_management"": false, ""pressure"": false, ""recovery"": false, ""reported_input_tokens"": 2559, ""cache_read_input_tokens"": 1431, ""cache_creation_input_tokens"": 1020, ""uncached_input_tokens"": 108, ""action"": ""execute""}, {""step"": 3, ""stage"": 1, ""est_request_tokens"": 3387, ""pressure_before_management"": false, ""pressure"": false, ""recovery"": false, ""reported_input_tokens"": 3864, ""cache_read_input_tokens"": 2451, ""cache_creation_input_tokens"": 1305, ""uncached_input_tokens"": 108, ""action"": ""execute""}, {""step"": 4, ""stage"": 1, ""est_request_tokens"": 4337, ""pressure_before_management"": false, ""pressure"": false, ""recovery"": false, ""reported_input_tokens"": 4672, ""cache_read_input_tokens"": 3756, ""cache_creation_input_tokens"": 808, ""uncached_input_tokens"": 108, ""action"": ""advance""}, {""step"": 5, ""stage"": 2, ""est_request_tokens"": 4881, ""pressure_before_management"": false, ""pressure"": false, ""recovery"": false, ""reported_input_tokens"": 5057, ""cache_read_input_tokens"": 4564, ""cache_creation_input_tokens"": 385, ""uncached_input_tokens"": 108, ""action"": ""execute""}, {""step"": 6, ""stage"": 2, ""est_request_tokens"": 5480, ""pressure_before_management"": false, ""pressure"": false, ""recovery"": false, ""reported_input_tokens"": 5594, ""cache_read_input_tokens"": 4949, ""cache_creation_input_tokens"": 537, ""uncached_input_tokens"": 108, ""action"": ""advance""}, {""step"": 7, ""stage"": 3, ""est_request_tokens"": 4039, ""pressure_before_management"": true, ""pressure"": false, ""recovery"": false, ""reported_input_tokens"": 3906, ""cache_read_input_tokens"": 1431, ""cache_creation_input_tokens"": 2367, ""uncached_input_tokens"": 108, ""action"": ""execute""}, {""step"": 8, ""stage"": 3, ""est_request_tokens"": 4630, ""pressure_before_management"": false, ""pressure"": false, ""recovery"": false, ""reported_input_tokens"": 4642, ""cache_read_input_tokens"": 3798, ""cache_creation_input_tokens"": 736, ""uncached_input_tokens"": 108, ""action"": ""execute""}, {""step"": 9, ""stage"": 3, ""est_request_tokens"": 5152, ""pressure_before_management"": false, ""pressure"": false, ""recovery"": false, ""reported_input_tokens"": 5224, ""cache_read_input_tokens"": 4534, ""cache_creation_input_tokens"": 582, ""uncached_input_tokens"": 108, ""action"": ""advance""}, {""step"": 10, ""stage"": 4, ""est_request_tokens"": 3966, ""pressure_before_management"": true, ""pressure"": false, ""recovery"": false, ""reported_input_tokens"": 3947, ""cache_read_input_tokens"": 1431, ""cache_creation_input_tokens"": 2408, ""uncached_input_tokens"": 108, ""action"": ""execute""}, {""step"": 11, ""stage"": 4, ""est_request_tokens"": 4668, ""pressure_before_management"": false, ""pressure"": false, ""recovery"": false, ""reported_input_tokens"": 4729, ""cache_read_input_tokens"": 3839, ""cache_creation_input_tokens"": 782, ""uncached_input_tokens"": 108, ""action"": ""execute""}, {""step"": 12, ""stage"": 4, ""est_request_tokens"": 5210, ""pressure_before_management"": false, ""pressure"": false, ""recovery"": false, ""reported_input_tokens"": 5284, ""cache_read_input_tokens"": 4621, ""cache_creation_input_tokens"": 555, ""uncached_input_tokens"": 108, ""action"": ""final""}]"
20261005T001128-summary-cacheoff-coding-eval-2-3877,evaluation,0.329336,summary,coding-eval-2,completed,True,correct,True,invoice-checks/1,correct,True,invoice-checks/1,True,28,28,0,,,4,4,0,12,12,0,12,12,0,12,10,0,2,0,6,0,0,0,2,0,2,49804,6506,5500,0.329336,84.0,2026-10-04.1,d975c6f21735840d75f1f7fc3377c55c295fe52ce15c8ce1b53265a1f0383d25,blocks/1,off,,run-tag/1,0,0,0,72.802,0.241968,0,0,41707,47.845,0.087368,0,0,8097,24.957,4,4,6,2,[],"[6, 8]",[],[],6,2,5,2,2,0,"[{""step"": 1, ""stage"": 1, ""est_request_tokens"": 1161, ""pressure_before_management"": false, ""pressure"": false, ""recovery"": false, ""reported_input_tokens"": 1537, ""cache_read_input_tokens"": 0, ""cache_creation_input_tokens"": 0, ""uncached_input_tokens"": 1537, ""action"": ""execute""}, {""step"": 2, ""stage"": 1, ""est_request_tokens"": 2192, ""pressure_before_management"": false, ""pressure"": false, ""recovery"": false, ""reported_input_tokens"": 2558, ""cache_read_input_tokens"": 0, ""cache_creation_input_tokens"": 0, ""uncached_input_tokens"": 2558, ""action"": ""execute""}, {""step"": 3, ""stage"": 1, ""est_request_tokens"": 3587, ""pressure_before_management"": false, ""pressure"": false, ""recovery"": false, ""reported_input_tokens"": 4130, ""cache_read_input_tokens"": 0, ""cache_creation_input_tokens"": 0, ""uncached_input_tokens"": 4130, ""action"": ""execute""}, {""step"": 4, ""stage"": 1, ""est_request_tokens"": 4769, ""pressure_before_management"": false, ""pressure"": false, ""recovery"": false, ""reported_input_tokens"": 5115, ""cache_read_input_tokens"": 0, ""cache_creation_input_tokens"": 0, ""uncached_input_tokens"": 5115, ""action"": ""advance""}, {""step"": 5, ""stage"": 2, ""est_request_tokens"": 5319, ""pressure_before_management"": false, ""pressure"": false, ""recovery"": false, ""reported_input_tokens"": 5500, ""cache_read_input_tokens"": 0, ""cache_creation_input_tokens"": 0, ""uncached_input_tokens"": 5500, ""action"": ""execute""}, {""step"": 6, ""stage"": 2, ""est_request_tokens"": 4142, ""pressure_before_management"": true, ""pressure"": false, ""recovery"": false, ""reported_input_tokens"": 4013, ""cache_read_input_tokens"": 0, ""cache_creation_input_tokens"": 0, ""uncached_input_tokens"": 4013, ""action"": ""advance""}, {""step"": 7, ""stage"": 3, ""est_request_tokens"": 4521, ""pressure_before_management"": false, ""pressure"": false, ""recovery"": false, ""reported_input_tokens"": 4444, ""cache_read_input_tokens"": 0, ""cache_creation_input_tokens"": 0, ""uncached_input_tokens"": 4444, ""action"": ""execute""}, {""step"": 8, ""stage"": 3, ""est_request_tokens"": 4255, ""pressure_before_management"": true, ""pressure"": false, ""recovery"": false, ""reported_input_tokens"": 4393, ""cache_read_input_tokens"": 0, ""cache_creation_input_tokens"": 0, ""uncached_input_tokens"": 4393, ""action"": ""advance""}, {""step"": 9, ""stage"": 4, ""est_request_tokens"": 4719, ""pressure_before_management"": false, ""pressure"": false, ""recovery"": false, ""reported_input_tokens"": 4772, ""cache_read_input_tokens"": 0, ""cache_creation_input_tokens"": 0, ""uncached_input_tokens"": 4772, ""action"": ""execute""}, {""step"": 10, ""stage"": 4, ""est_request_tokens"": 5199, ""pressure_before_management"": false, ""pressure"": false, ""recovery"": false, ""reported_input_tokens"": 5245, ""cache_read_input_tokens"": 0, ""cache_creation_input_tokens"": 0, ""uncached_input_tokens"": 5245, ""action"": ""final""}]"
20261005T001252-clm-cacheon-coding-eval-3-6c64,evaluation,0.127427,clm,coding-eval-3,completed,True,correct,True,invoice-checks/1,correct,True,invoice-checks/1,True,28,28,0,,,4,4,0,16,16,0,8,8,0,10,10,0,0,0,6,3,3,0,0,0,0,1079,3546,4883,0.127427,54.1,2026-10-04.1,f5b3498e4c4746789da21ad2660e381cdb23a4e010900150aaf576120f13f001,blocks/1,on,5m,run-tag/1,23157,9512,0,45.079,0.127427,23157,9512,1079,45.079,,,,,,4,4,,,"[3, 5, 7]",[],[],[],3,1,8,4,3,0,"[{""step"": 1, ""stage"": 1, ""est_request_tokens"": 1441, ""pressure_before_management"": false, ""pressure"": false, ""recovery"": false, ""reported_input_tokens"": 1832, ""cache_read_input_tokens"": 0, ""cache_creation_input_tokens"": 1725, ""uncached_input_tokens"": 107, ""action"": ""execute""}, {""step"": 2, ""stage"": 1, ""est_request_tokens"": 2640, ""pressure_before_management"": false, ""pressure"": false, ""recovery"": false, ""reported_input_tokens"": 3067, ""cache_read_input_tokens"": 1725, ""cache_creation_input_tokens"": 1234, ""uncached_input_tokens"": 108, ""action"": ""execute""}, {""step"": 3, ""stage"": 1, ""est_request_tokens"": 2676, ""pressure_before_management"": false, ""pressure"": false, ""recovery"": false, ""reported_input_tokens"": 2998, ""cache_read_input_tokens"": 1725, ""cache_creation_input_tokens"": 1165, ""uncached_input_tokens"": 108, ""action"": ""advance""}, {""step"": 4, ""stage"": 2, ""est_request_tokens"": 3294, ""pressure_before_management"": false, ""pressure"": false, ""recovery"": false, ""reported_input_tokens"": 3471, ""cache_read_input_tokens"": 2890, ""cache_creation_input_tokens"": 473, ""uncached_input_tokens"": 108, ""action"": ""execute""}, {""step"": 5, ""stage"": 2, ""est_request_tokens"": 3163, ""pressure_before_management"": false, ""pressure"": false, ""recovery"": false, ""reported_input_tokens"": 3317, ""cache_read_input_tokens"": 1725, ""cache_creation_input_tokens"": 1484, ""uncached_input_tokens"": 108, ""action"": ""advance""}, {""step"": 6, ""stage"": 3, ""est_request_tokens"": 3632, ""pressure_before_management"": false, ""pressure"": false, ""recovery"": false, ""reported_input_tokens"": 3698, ""cache_read_input_tokens"": 3209, ""cache_creation_input_tokens"": 381, ""uncached_input_tokens"": 108, ""action"": ""execute""}, {""step"": 7, ""stage"": 3, ""est_request_tokens"": 2922, ""pressure_before_management"": false, ""pressure"": false, ""recovery"": false, ""reported_input_tokens"": 2915, ""cache_read_input_tokens"": 1725, ""cache_creation_input_tokens"": 1082, ""uncached_input_tokens"": 108, ""action"": ""advance""}, {""step"": 8, ""stage"": 4, ""est_request_tokens"": 3374, ""pressure_before_management"": false, ""pressure"": false, ""recovery"": false, ""reported_input_tokens"": 3370, ""cache_read_input_tokens"": 2807, ""cache_creation_input_tokens"": 455, ""uncached_input_tokens"": 108, ""action"": ""execute""}, {""step"": 9, ""stage"": 4, ""est_request_tokens"": 4066, ""pressure_before_management"": false, ""pressure"": false, ""recovery"": false, ""reported_input_tokens"": 4197, ""cache_read_input_tokens"": 3262, ""cache_creation_input_tokens"": 827, ""uncached_input_tokens"": 108, ""action"": ""execute""}, {""step"": 10, ""stage"": 4, ""est_request_tokens"": 4770, ""pressure_before_management"": false, ""pressure"": false, ""recovery"": false, ""reported_input_tokens"": 4883, ""cache_read_input_tokens"": 4089, ""cache_creation_input_tokens"": 686, ""uncached_input_tokens"": 108, ""action"": ""final""}]"
20261005T001346-summary-cacheoff-coding-eval-3-ab81,evaluation,0.34426,summary,coding-eval-3,completed,True,correct,True,invoice-checks/1,correct,True,invoice-checks/1,True,28,28,0,,,4,4,0,16,16,0,8,8,0,13,11,0,2,0,7,0,0,0,2,0,2,54205,6372,5509,0.34426,84.5,2026-10-04.1,f5b3498e4c4746789da21ad2660e381cdb23a4e010900150aaf576120f13f001,blocks/1,off,,run-tag/1,0,0,0,73.769,0.254076,0,0,45084,49.82,0.090184,0,0,9121,23.949,4,4,7,3,[],"[7, 11]",[],[],7,3,5,3,1,0,"[{""step"": 1, ""stage"": 1, ""est_request_tokens"": 1161, ""pressure_before_management"": false, ""pressure"": false, ""recovery"": false, ""reported_input_tokens"": 1539, ""cache_read_input_tokens"": 0, ""cache_creation_input_tokens"": 0, ""uncached_input_tokens"": 1539, ""action"": ""execute""}, {""step"": 2, ""stage"": 1, ""est_request_tokens"": 2383, ""pressure_before_management"": false, ""pressure"": false, ""recovery"": false, ""reported_input_tokens"": 2793, ""cache_read_input_tokens"": 0, ""cache_creation_input_tokens"": 0, ""uncached_input_tokens"": 2793, ""action"": ""execute""}, {""step"": 3, ""stage"": 1, ""est_request_tokens"": 3283, ""pressure_before_management"": false, ""pressure"": false, ""recovery"": false, ""reported_input_tokens"": 3657, ""cache_read_input_tokens"": 0, ""cache_creation_input_tokens"": 0, ""uncached_input_tokens"": 3657, ""action"": ""advance""}, {""step"": 4, ""stage"": 2, ""est_request_tokens"": 3935, ""pressure_before_management"": false, ""pressure"": false, ""recovery"": false, ""reported_input_tokens"": 4130, ""cache_read_input_tokens"": 0, ""cache_creation_input_tokens"": 0, ""uncached_input_tokens"": 4130, ""action"": ""execute""}, {""step"": 5, ""stage"": 2, ""est_request_tokens"": 4853, ""pressure_before_management"": false, ""pressure"": false, ""recovery"": false, ""reported_input_tokens"": 5075, ""cache_read_input_tokens"": 0, ""cache_creation_input_tokens"": 0, ""uncached_input_tokens"": 5075, ""action"": ""advance""}, {""step"": 6, ""stage"": 3, ""est_request_tokens"": 5362, ""pressure_before_management"": false, ""pressure"": false, ""recovery"": false, ""reported_input_tokens"": 5456, ""cache_read_input_tokens"": 0, ""cache_creation_input_tokens"": 0, ""uncached_input_tokens"": 5456, ""action"": ""execute""}, {""step"": 7, ""stage"": 3, ""est_request_tokens"": 3989, ""pressure_before_management"": true, ""pressure"": false, ""recovery"": false, ""reported_input_tokens"": 3900, ""cache_read_input_tokens"": 0, ""cache_creation_input_tokens"": 0, ""uncached_input_tokens"": 3900, ""action"": ""execute""}, {""step"": 8, ""stage"": 3, ""est_request_tokens"": 4263, ""pressure_before_management"": false, ""pressure"": false, ""recovery"": false, ""reported_input_tokens"": 4252, ""cache_read_input_tokens"": 0, ""cache_creation_input_tokens"": 0, ""uncached_input_tokens"": 4252, ""action"": ""advance""}, {""step"": 9, ""stage"": 4, ""est_request_tokens"": 4716, ""pressure_before_management"": false, ""pressure"": false, ""recovery"": false, ""reported_input_tokens"": 4707, ""cache_read_input_tokens"": 0, ""cache_creation_input_tokens"": 0, ""uncached_input_tokens"": 4707, ""action"": ""execute""}, {""step"": 10, ""stage"": 4, ""est_request_tokens"": 5402, ""pressure_before_management"": false, ""pressure"": false, ""recovery"": false, ""reported_input_tokens"": 5509, ""cache_read_input_tokens"": 0, ""cache_creation_input_tokens"": 0, ""uncached_input_tokens"": 5509, ""action"": ""execute""}, {""step"": 11, ""stage"": 4, ""est_request_tokens"": 4008, ""pressure_before_management"": true, ""pressure"": false, ""recovery"": false, ""reported_input_tokens"": 4066, ""cache_read_input_tokens"": 0, ""cache_creation_input_tokens"": 0, ""uncached_input_tokens"": 4066, ""action"": ""final""}]"
20261005T001511-clm-cacheoff-coding-eval-3-9615,evaluation,0.225796,clm,coding-eval-3,completed,True,correct,True,invoice-checks/1,correct,True,invoice-checks/1,True,28,28,0,,,4,4,0,16,16,0,8,8,0,11,11,0,0,0,7,3,3,0,0,0,0,38114,3667,4922,0.225796,58.2,2026-10-04.1,f5b3498e4c4746789da21ad2660e381cdb23a4e010900150aaf576120f13f001,blocks/1,off,,run-tag/1,0,0,0,47.744,0.225796,0,0,38114,47.744,,,,,,4,4,,,"[3, 5, 8]",[],[],[],3,1,9,5,3,0,"[{""step"": 1, ""stage"": 1, ""est_request_tokens"": 1441, ""pressure_before_management"": false, ""pressure"": false, ""recovery"": false, ""reported_input_tokens"": 1824, ""cache_read_input_tokens"": 0, ""cache_creation_input_tokens"": 0, ""uncached_input_tokens"": 1824, ""action"": ""execute""}, {""step"": 2, ""stage"": 1, ""est_request_tokens"": 2663, ""pressure_before_management"": false, ""pressure"": false, ""recovery"": false, ""reported_input_tokens"": 3098, ""cache_read_input_tokens"": 0, ""cache_creation_input_tokens"": 0, ""uncached_input_tokens"": 3098, ""action"": ""execute""}, {""step"": 3, ""stage"": 1, ""est_request_tokens"": 2687, ""pressure_before_management"": false, ""pressure"": false, ""recovery"": false, ""reported_input_tokens"": 3019, ""cache_read_input_tokens"": 0, ""cache_creation_input_tokens"": 0, ""uncached_input_tokens"": 3019, ""action"": ""advance""}, {""step"": 4, ""stage"": 2, ""est_request_tokens"": 3310, ""pressure_before_management"": false, ""pressure"": false, ""recovery"": false, ""reported_input_tokens"": 3492, ""cache_read_input_tokens"": 0, ""cache_creation_input_tokens"": 0, ""uncached_input_tokens"": 3492, ""action"": ""execute""}, {""step"": 5, ""stage"": 2, ""est_request_tokens"": 3055, ""pressure_before_management"": false, ""pressure"": false, ""recovery"": false, ""reported_input_tokens"": 3191, ""cache_read_input_tokens"": 0, ""cache_creation_input_tokens"": 0, ""uncached_input_tokens"": 3191, ""action"": ""advance""}, {""step"": 6, ""stage"": 3, ""est_request_tokens"": 3514, ""pressure_before_management"": false, ""pressure"": false, ""recovery"": false, ""reported_input_tokens"": 3572, ""cache_read_input_tokens"": 0, ""cache_creation_input_tokens"": 0, ""uncached_input_tokens"": 3572, ""action"": ""execute""}, {""step"": 7, ""stage"": 3, ""est_request_tokens"": 4179, ""pressure_before_management"": false, ""pressure"": false, ""recovery"": false, ""reported_input_tokens"": 4323, ""cache_read_input_tokens"": 0, ""cache_creation_input_tokens"": 0, ""uncached_input_tokens"": 4323, ""action"": ""execute""}, {""step"": 8, ""stage"": 3, ""est_request_tokens"": 3030, ""pressure_before_management"": false, ""pressure"": false, ""recovery"": false, ""reported_input_tokens"": 2982, ""cache_read_input_tokens"": 0, ""cache_creation_input_tokens"": 0, ""uncached_input_tokens"": 2982, ""action"": ""advance""}, {""step"": 9, ""stage"": 4, ""est_request_tokens"": 3465, ""pressure_before_management"": false, ""pressure"": false, ""recovery"": false, ""reported_input_tokens"": 3437, ""cache_read_input_tokens"": 0, ""cache_creation_input_tokens"": 0, ""uncached_input_tokens"": 3437, ""action"": ""execute""}, {""step"": 10, ""stage"": 4, ""est_request_tokens"": 4138, ""pressure_before_management"": false, ""pressure"": false, ""recovery"": false, ""reported_input_tokens"": 4254, ""cache_read_input_tokens"": 0, ""cache_creation_input_tokens"": 0, ""uncached_input_tokens"": 4254, ""action"": ""execute""}, {""step"": 11, ""stage"": 4, ""est_request_tokens"": 4823, ""pressure_before_management"": false, ""pressure"": false, ""recovery"": false, ""reported_input_tokens"": 4922, ""cache_read_input_tokens"": 0, ""cache_creation_input_tokens"": 0, ""uncached_input_tokens"": 4922, ""action"": ""final""}]"
20261005T001609-summary-cacheon-coding-eval-3-1035,evaluation,0.228537,summary,coding-eval-3,completed,True,correct,True,invoice-checks/1,correct,True,invoice-checks/1,True,28,28,0,,,4,4,0,16,16,0,8,8,0,12,10,0,2,0,6,0,0,0,2,0,2,1149,6182,5296,0.228539,79.7,2026-10-04.1,f5b3498e4c4746789da21ad2660e381cdb23a4e010900150aaf576120f13f001,blocks/1,on,5m,run-tag/1,27738,18951,0,68.493,0.13479,26926,11186,1079,44.846,0.093747,812,7765,70,23.647,4,4,7,3,[],"[7, 10]",[],[],7,3,4,2,1,0,"[{""step"": 1, ""stage"": 1, ""est_request_tokens"": 1161, ""pressure_before_management"": false, ""pressure"": false, ""recovery"": false, ""reported_input_tokens"": 1532, ""cache_read_input_tokens"": 0, ""cache_creation_input_tokens"": 1425, ""uncached_input_tokens"": 107, ""action"": ""execute""}, {""step"": 2, ""stage"": 1, ""est_request_tokens"": 2284, ""pressure_before_management"": false, ""pressure"": false, ""recovery"": false, ""reported_input_tokens"": 2664, ""cache_read_input_tokens"": 1425, ""cache_creation_input_tokens"": 1131, ""uncached_input_tokens"": 108, ""action"": ""execute""}, {""step"": 3, ""stage"": 1, ""est_request_tokens"": 3124, ""pressure_before_management"": false, ""pressure"": false, ""recovery"": false, ""reported_input_tokens"": 3491, ""cache_read_input_tokens"": 2556, ""cache_creation_input_tokens"": 827, ""uncached_input_tokens"": 108, ""action"": ""advance""}, {""step"": 4, ""stage"": 2, ""est_request_tokens"": 3771, ""pressure_before_management"": false, ""pressure"": false, ""recovery"": false, ""reported_input_tokens"": 3964, ""cache_read_input_tokens"": 3383, ""cache_creation_input_tokens"": 473, ""uncached_input_tokens"": 108, ""action"": ""execute""}, {""step"": 5, ""stage"": 2, ""est_request_tokens"": 4665, ""pressure_before_management"": false, ""pressure"": false, ""recovery"": false, ""reported_input_tokens"": 4915, ""cache_read_input_tokens"": 3856, ""cache_creation_input_tokens"": 951, ""uncached_input_tokens"": 108, ""action"": ""advance""}, {""step"": 6, ""stage"": 3, ""est_request_tokens"": 5188, ""pressure_before_management"": false, ""pressure"": false, ""recovery"": false, ""reported_input_tokens"": 5296, ""cache_read_input_tokens"": 4807, ""cache_creation_input_tokens"": 381, ""uncached_input_tokens"": 108, ""action"": ""execute""}, {""step"": 7, ""stage"": 3, ""est_request_tokens"": 3956, ""pressure_before_management"": true, ""pressure"": false, ""recovery"": false, ""reported_input_tokens"": 3905, ""cache_read_input_tokens"": 1425, ""cache_creation_input_tokens"": 2372, ""uncached_input_tokens"": 108, ""action"": ""advance""}, {""step"": 8, ""stage"": 4, ""est_request_tokens"": 4393, ""pressure_before_management"": false, ""pressure"": false, ""recovery"": false, ""reported_input_tokens"": 4360, ""cache_read_input_tokens"": 3797, ""cache_creation_input_tokens"": 455, ""uncached_input_tokens"": 108, ""action"": ""execute""}, {""step"": 9, ""stage"": 4, ""est_request_tokens"": 5067, ""pressure_before_management"": false, ""pressure"": false, ""recovery"": false, ""reported_input_tokens"": 5195, ""cache_read_input_tokens"": 4252, ""cache_creation_input_tokens"": 835, ""uncached_input_tokens"": 108, ""action"": ""execute""}, {""step"": 10, ""stage"": 4, ""est_request_tokens"": 3839, ""pressure_before_management"": true, ""pressure"": false, ""recovery"": false, ""reported_input_tokens"": 3869, ""cache_read_input_tokens"": 1425, ""cache_creation_input_tokens"": 2336, ""uncached_input_tokens"": 108, ""action"": ""final""}]"
20261005T001729-summary-cacheoff-coding-eval-4-0069,evaluation,0.306492,summary,coding-eval-4,completed,True,correct,True,invoice-checks/1,correct,True,invoice-checks/1,True,28,28,0,,,4,4,0,16,16,0,8,8,0,12,10,0,2,0,6,0,0,0,2,0,2,47848,5755,5374,0.306492,75.1,2026-10-04.1,723966d3b0cee90813a8773fcd4382932adcc8108c7bcce64e55777abf7aa7ed,blocks/1,off,,run-tag/1,0,0,0,66.066,0.222756,0,0,39304,43.118,0.083736,0,0,8544,22.948,4,4,7,3,[],"[7, 10]",[],[],7,3,4,2,1,0,"[{""step"": 1, ""stage"": 1, ""est_request_tokens"": 1161, ""pressure_before_management"": false, ""pressure"": false, ""recovery"": false, ""reported_input_tokens"": 1539, ""cache_read_input_tokens"": 0, ""cache_creation_input_tokens"": 0, ""uncached_input_tokens"": 1539, ""action"": ""execute""}, {""step"": 2, ""stage"": 1, ""est_request_tokens"": 2350, ""pressure_before_management"": false, ""pressure"": false, ""recovery"": false, ""reported_input_tokens"": 2762, ""cache_read_input_tokens"": 0, ""cache_creation_input_tokens"": 0, ""uncached_input_tokens"": 2762, ""action"": ""execute""}, {""step"": 3, ""stage"": 1, ""est_request_tokens"": 3175, ""pressure_before_management"": false, ""pressure"": false, ""recovery"": false, ""reported_input_tokens"": 3561, ""cache_read_input_tokens"": 0, ""cache_creation_input_tokens"": 0, ""uncached_input_tokens"": 3561, ""action"": ""advance""}, {""step"": 4, ""stage"": 2, ""est_request_tokens"": 3724, ""pressure_before_management"": false, ""pressure"": false, ""recovery"": false, ""reported_input_tokens"": 3941, ""cache_read_input_tokens"": 0, ""cache_creation_input_tokens"": 0, ""uncached_input_tokens"": 3941, ""action"": ""execute""}, {""step"": 5, ""stage"": 2, ""est_request_tokens"": 4445, ""pressure_before_management"": false, ""pressure"": false, ""recovery"": false, ""reported_input_tokens"": 4633, ""cache_read_input_tokens"": 0, ""cache_creation_input_tokens"": 0, ""uncached_input_tokens"": 4633, ""action"": ""advance""}, {""step"": 6, ""stage"": 3, ""est_request_tokens"": 4991, ""pressure_before_management"": false, ""pressure"": false, ""recovery"": false, ""reported_input_tokens"": 5083, ""cache_read_input_tokens"": 0, ""cache_creation_input_tokens"": 0, ""uncached_input_tokens"": 5083, ""action"": ""execute""}, {""step"": 7, ""stage"": 3, ""est_request_tokens"": 4069, ""pressure_before_management"": true, ""pressure"": false, ""recovery"": false, ""reported_input_tokens"": 3952, ""cache_read_input_tokens"": 0, ""cache_creation_input_tokens"": 0, ""uncached_input_tokens"": 3952, ""action"": ""advance""}, {""step"": 8, ""stage"": 4, ""est_request_tokens"": 4564, ""pressure_before_management"": false, ""pressure"": false, ""recovery"": false, ""reported_input_tokens"": 4456, ""cache_read_input_tokens"": 0, ""cache_creation_input_tokens"": 0, ""uncached_input_tokens"": 4456, ""action"": ""execute""}, {""step"": 9, ""stage"": 4, ""est_request_tokens"": 5291, ""pressure_before_management"": false, ""pressure"": false, ""recovery"": false, ""reported_input_tokens"": 5374, ""cache_read_input_tokens"": 0, ""cache_creation_input_tokens"": 0, ""uncached_input_tokens"": 5374, ""action"": ""execute""}, {""step"": 10, ""stage"": 4, ""est_request_tokens"": 3895, ""pressure_before_management"": true, ""pressure"": false, ""recovery"": false, ""reported_input_tokens"": 4003, ""cache_read_input_tokens"": 0, ""cache_creation_input_tokens"": 0, ""uncached_input_tokens"": 4003, ""action"": ""final""}]"
20261005T001844-summary-cacheon-coding-eval-4-0bc5,evaluation,0.165399,summary,coding-eval-4,completed,True,correct,True,invoice-checks/1,correct,True,invoice-checks/1,True,28,28,0,,,4,4,0,16,16,0,8,8,0,11,10,0,1,0,6,0,0,0,1,0,1,1114,4372,5642,0.165401,64.7,2026-10-04.1,723966d3b0cee90813a8773fcd4382932adcc8108c7bcce64e55777abf7aa7ed,blocks/1,on,5m,run-tag/1,29425,13524,0,54.537,0.119064,29425,9417,1079,43.012,0.046335,0,4107,35,11.525,4,4,8,4,[],[8],[],[],8,4,3,2,0,0,"[{""step"": 1, ""stage"": 1, ""est_request_tokens"": 1161, ""pressure_before_management"": false, ""pressure"": false, ""recovery"": false, ""reported_input_tokens"": 1534, ""cache_read_input_tokens"": 0, ""cache_creation_input_tokens"": 1427, ""uncached_input_tokens"": 107, ""action"": ""execute""}, {""step"": 2, ""stage"": 1, ""est_request_tokens"": 2139, ""pressure_before_management"": false, ""pressure"": false, ""recovery"": false, ""reported_input_tokens"": 2490, ""cache_read_input_tokens"": 1427, ""cache_creation_input_tokens"": 955, ""uncached_input_tokens"": 108, ""action"": ""execute""}, {""step"": 3, ""stage"": 1, ""est_request_tokens"": 2872, ""pressure_before_management"": false, ""pressure"": false, ""recovery"": false, ""reported_input_tokens"": 3200, ""cache_read_input_tokens"": 2382, ""cache_creation_input_tokens"": 710, ""uncached_input_tokens"": 108, ""action"": ""advance""}, {""step"": 4, ""stage"": 2, ""est_request_tokens"": 3391, ""pressure_before_management"": false, ""pressure"": false, ""recovery"": false, ""reported_input_tokens"": 3580, ""cache_read_input_tokens"": 3092, ""cache_creation_input_tokens"": 380, ""uncached_input_tokens"": 108, ""action"": ""execute""}, {""step"": 5, ""stage"": 2, ""est_request_tokens"": 4179, ""pressure_before_management"": false, ""pressure"": false, ""recovery"": false, ""reported_input_tokens"": 4378, ""cache_read_input_tokens"": 3472, ""cache_creation_input_tokens"": 798, ""uncached_input_tokens"": 108, ""action"": ""advance""}, {""step"": 6, ""stage"": 3, ""est_request_tokens"": 4727, ""pressure_before_management"": false, ""pressure"": false, ""recovery"": false, ""reported_input_tokens"": 4828, ""cache_read_input_tokens"": 4270, ""cache_creation_input_tokens"": 450, ""uncached_input_tokens"": 108, ""action"": ""execute""}, {""step"": 7, ""stage"": 3, ""est_request_tokens"": 5331, ""pressure_before_management"": false, ""pressure"": false, ""recovery"": false, ""reported_input_tokens"": 5418, ""cache_read_input_tokens"": 4720, ""cache_creation_input_tokens"": 590, ""uncached_input_tokens"": 108, ""action"": ""advance""}, {""step"": 8, ""stage"": 4, ""est_request_tokens"": 4164, ""pressure_before_management"": true, ""pressure"": false, ""recovery"": false, ""reported_input_tokens"": 4048, ""cache_read_input_tokens"": 1427, ""cache_creation_input_tokens"": 2513, ""uncached_input_tokens"": 108, ""action"": ""execute""}, {""step"": 9, ""stage"": 4, ""est_request_tokens"": 4755, ""pressure_before_management"": false, ""pressure"": false, ""recovery"": false, ""reported_input_tokens"": 4803, ""cache_read_input_tokens"": 3940, ""cache_creation_input_tokens"": 755, ""uncached_input_tokens"": 108, ""action"": ""execute""}, {""step"": 10, ""stage"": 4, ""est_request_tokens"": 5543, ""pressure_before_management"": false, ""pressure"": false, ""recovery"": false, ""reported_input_tokens"": 5642, ""cache_read_input_tokens"": 4695, ""cache_creation_input_tokens"": 839, ""uncached_input_tokens"": 108, ""action"": ""final""}]"
20261005T001949-clm-cacheon-coding-eval-4-c2bc,evaluation,0.147661,clm,coding-eval-4,completed,True,correct,True,invoice-checks/1,correct,True,invoice-checks/1,True,28,28,0,,,4,4,0,16,16,0,8,8,0,12,12,0,0,0,8,4,4,0,0,0,0,1295,3811,4485,0.14766,67.1,2026-10-04.1,723966d3b0cee90813a8773fcd4382932adcc8108c7bcce64e55777abf7aa7ed,blocks/1,on,5m,run-tag/1,26927,12175,0,52.96,0.147661,26927,12175,1295,52.96,,,,,,4,4,,,"[4, 6, 9, 12]",[],[],[],4,1,9,5,3,0,"[{""step"": 1, ""stage"": 1, ""est_request_tokens"": 1441, ""pressure_before_management"": false, ""pressure"": false, ""recovery"": false, ""reported_input_tokens"": 1827, ""cache_read_input_tokens"": 0, ""cache_creation_input_tokens"": 1720, ""uncached_input_tokens"": 107, ""action"": ""execute""}, {""step"": 2, ""stage"": 1, ""est_request_tokens"": 2552, ""pressure_before_management"": false, ""pressure"": false, ""recovery"": false, ""reported_input_tokens"": 2966, ""cache_read_input_tokens"": 1720, ""cache_creation_input_tokens"": 1138, ""uncached_input_tokens"": 108, ""action"": ""execute""}, {""step"": 3, ""stage"": 1, ""est_request_tokens"": 3833, ""pressure_before_management"": false, ""pressure"": false, ""recovery"": false, ""reported_input_tokens"": 4447, ""cache_read_input_tokens"": 2858, ""cache_creation_input_tokens"": 1481, ""uncached_input_tokens"": 108, ""action"": ""execute""}, {""step"": 4, ""stage"": 1, ""est_request_tokens"": 2937, ""pressure_before_management"": false, ""pressure"": false, ""recovery"": false, ""reported_input_tokens"": 3035, ""cache_read_input_tokens"": 1720, ""cache_creation_input_tokens"": 1207, ""uncached_input_tokens"": 108, ""action"": ""advance""}, {""step"": 5, ""stage"": 2, ""est_request_tokens"": 3355, ""pressure_before_management"": false, ""pressure"": false, ""recovery"": false, ""reported_input_tokens"": 3415, ""cache_read_input_tokens"": 2927, ""cache_creation_input_tokens"": 380, ""uncached_input_tokens"": 108, ""action"": ""execute""}, {""step"": 6, ""stage"": 2, ""est_request_tokens"": 3003, ""pressure_before_management"": false, ""pressure"": false, ""recovery"": false, ""reported_input_tokens"": 3001, ""cache_read_input_tokens"": 1720, ""cache_creation_input_tokens"": 1173, ""uncached_input_tokens"": 108, ""action"": ""advance""}, {""step"": 7, ""stage"": 3, ""est_request_tokens"": 3442, ""pressure_before_management"": false, ""pressure"": false, ""recovery"": false, ""reported_input_tokens"": 3451, ""cache_read_input_tokens"": 2893, ""cache_creation_input_tokens"": 450, ""uncached_input_tokens"": 108, ""action"": ""execute""}, {""step"": 8, ""stage"": 3, ""est_request_tokens"": 4184, ""pressure_before_management"": false, ""pressure"": false, ""recovery"": false, ""reported_input_tokens"": 4267, ""cache_read_input_tokens"": 3343, ""cache_creation_input_tokens"": 816, ""uncached_input_tokens"": 108, ""action"": ""execute""}, {""step"": 9, ""stage"": 3, ""est_request_tokens"": 3018, ""pressure_before_management"": false, ""pressure"": false, ""recovery"": false, ""reported_input_tokens"": 3009, ""cache_read_input_tokens"": 1720, ""cache_creation_input_tokens"": 1181, ""uncached_input_tokens"": 108, ""action"": ""advance""}, {""step"": 10, ""stage"": 4, ""est_request_tokens"": 3559, ""pressure_before_management"": false, ""pressure"": false, ""recovery"": false, ""reported_input_tokens"": 3513, ""cache_read_input_tokens"": 2901, ""cache_creation_input_tokens"": 504, ""uncached_input_tokens"": 108, ""action"": ""execute""}, {""step"": 11, ""stage"": 4, ""est_request_tokens"": 4398, ""pressure_before_management"": false, ""pressure"": false, ""recovery"": false, ""reported_input_tokens"": 4485, ""cache_read_input_tokens"": 3405, ""cache_creation_input_tokens"": 972, ""uncached_input_tokens"": 108, ""action"": ""execute""}, {""step"": 12, ""stage"": 4, ""est_request_tokens"": 2996, ""pressure_before_management"": false, ""pressure"": false, ""recovery"": false, ""reported_input_tokens"": 2981, ""cache_read_input_tokens"": 1720, ""cache_creation_input_tokens"": 1153, ""uncached_input_tokens"": 108, ""action"": ""final""}]"
20261005T002056-clm-cacheoff-coding-eval-4-e506,evaluation,0.237972,clm,coding-eval-4,completed,True,correct,True,invoice-checks/1,correct,True,invoice-checks/1,True,28,28,0,,,4,4,0,16,16,0,8,8,0,12,12,0,0,0,8,4,4,0,0,0,0,40358,3827,4426,0.237972,68.3,2026-10-04.1,723966d3b0cee90813a8773fcd4382932adcc8108c7bcce64e55777abf7aa7ed,blocks/1,off,,run-tag/1,0,0,0,52.804,0.237972,0,0,40358,52.804,,,,,,4,4,,,"[4, 6, 9, 12]",[],[],[],4,1,9,5,3,0,"[{""step"": 1, ""stage"": 1, ""est_request_tokens"": 1441, ""pressure_before_management"": false, ""pressure"": false, ""recovery"": false, ""reported_input_tokens"": 1832, ""cache_read_input_tokens"": 0, ""cache_creation_input_tokens"": 0, ""uncached_input_tokens"": 1832, ""action"": ""execute""}, {""step"": 2, ""stage"": 1, ""est_request_tokens"": 2506, ""pressure_before_management"": false, ""pressure"": false, ""recovery"": false, ""reported_input_tokens"": 2901, ""cache_read_input_tokens"": 0, ""cache_creation_input_tokens"": 0, ""uncached_input_tokens"": 2901, ""action"": ""execute""}, {""step"": 3, ""stage"": 1, ""est_request_tokens"": 3819, ""pressure_before_management"": false, ""pressure"": false, ""recovery"": false, ""reported_input_tokens"": 4426, ""cache_read_input_tokens"": 0, ""cache_creation_input_tokens"": 0, ""uncached_input_tokens"": 4426, ""action"": ""execute""}, {""step"": 4, ""stage"": 1, ""est_request_tokens"": 2744, ""pressure_before_management"": false, ""pressure"": false, ""recovery"": false, ""reported_input_tokens"": 2856, ""cache_read_input_tokens"": 0, ""cache_creation_input_tokens"": 0, ""uncached_input_tokens"": 2856, ""action"": ""advance""}, {""step"": 5, ""stage"": 2, ""est_request_tokens"": 3169, ""pressure_before_management"": false, ""pressure"": false, ""recovery"": false, ""reported_input_tokens"": 3236, ""cache_read_input_tokens"": 0, ""cache_creation_input_tokens"": 0, ""uncached_input_tokens"": 3236, ""action"": ""execute""}, {""step"": 6, ""stage"": 2, ""est_request_tokens"": 2953, ""pressure_before_management"": false, ""pressure"": false, ""recovery"": false, ""reported_input_tokens"": 2969, ""cache_read_input_tokens"": 0, ""cache_creation_input_tokens"": 0, ""uncached_input_tokens"": 2969, ""action"": ""advance""}, {""step"": 7, ""stage"": 3, ""est_request_tokens"": 3404, ""pressure_before_management"": false, ""pressure"": false, ""recovery"": false, ""reported_input_tokens"": 3419, ""cache_read_input_tokens"": 0, ""cache_creation_input_tokens"": 0, ""uncached_input_tokens"": 3419, ""action"": ""execute""}, {""step"": 8, ""stage"": 3, ""est_request_tokens"": 4130, ""pressure_before_management"": false, ""pressure"": false, ""recovery"": false, ""reported_input_tokens"": 4230, ""cache_read_input_tokens"": 0, ""cache_creation_input_tokens"": 0, ""uncached_input_tokens"": 4230, ""action"": ""execute""}, {""step"": 9, ""stage"": 3, ""est_request_tokens"": 3039, ""pressure_before_management"": false, ""pressure"": false, ""recovery"": false, ""reported_input_tokens"": 3008, ""cache_read_input_tokens"": 0, ""cache_creation_input_tokens"": 0, ""uncached_input_tokens"": 3008, ""action"": ""advance""}, {""step"": 10, ""stage"": 4, ""est_request_tokens"": 3572, ""pressure_before_management"": false, ""pressure"": false, ""recovery"": false, ""reported_input_tokens"": 3512, ""cache_read_input_tokens"": 0, ""cache_creation_input_tokens"": 0, ""uncached_input_tokens"": 3512, ""action"": ""execute""}, {""step"": 11, ""stage"": 4, ""est_request_tokens"": 4207, ""pressure_before_management"": false, ""pressure"": false, ""recovery"": false, ""reported_input_tokens"": 4300, ""cache_read_input_tokens"": 0, ""cache_creation_input_tokens"": 0, ""uncached_input_tokens"": 4300, ""action"": ""execute""}, {""step"": 12, ""stage"": 4, ""est_request_tokens"": 3684, ""pressure_before_management"": false, ""pressure"": false, ""recovery"": false, ""reported_input_tokens"": 3669, ""cache_read_input_tokens"": 0, ""cache_creation_input_tokens"": 0, ""uncached_input_tokens"": 3669, ""action"": ""final""}]"
20261005T002204-clm-cacheoff-coding-eval-1-92af,evaluation,0.253916,clm,coding-eval-1,completed,True,correct,True,invoice-checks/1,correct,True,invoice-checks/1,True,28,28,0,,,8,8,0,12,12,0,8,8,0,12,12,0,0,0,8,2,2,0,0,0,0,44984,3699,5889,0.253916,70.1,2026-10-04.1,0f8dedc5f60071e74599a5ae03b2dc3c65c1f14ac44b8510986bf82f2bd6e8a6,blocks/1,off,,run-tag/1,0,0,0,53.188,0.253916,0,0,44984,53.188,,,,,,4,4,,,"[6, 9]",[],[],[],6,2,7,4,2,0,"[{""step"": 1, ""stage"": 1, ""est_request_tokens"": 1441, ""pressure_before_management"": false, ""pressure"": false, ""recovery"": false, ""reported_input_tokens"": 1830, ""cache_read_input_tokens"": 0, ""cache_creation_input_tokens"": 0, ""uncached_input_tokens"": 1830, ""action"": ""execute""}, {""step"": 2, ""stage"": 1, ""est_request_tokens"": 2509, ""pressure_before_management"": false, ""pressure"": false, ""recovery"": false, ""reported_input_tokens"": 2897, ""cache_read_input_tokens"": 0, ""cache_creation_input_tokens"": 0, ""uncached_input_tokens"": 2897, ""action"": ""execute""}, {""step"": 3, ""stage"": 1, ""est_request_tokens"": 3054, ""pressure_before_management"": false, ""pressure"": false, ""recovery"": false, ""reported_input_tokens"": 3335, ""cache_read_input_tokens"": 0, ""cache_creation_input_tokens"": 0, ""uncached_input_tokens"": 3335, ""action"": ""execute""}, {""step"": 4, ""stage"": 1, ""est_request_tokens"": 3837, ""pressure_before_management"": false, ""pressure"": false, ""recovery"": false, ""reported_input_tokens"": 4089, ""cache_read_input_tokens"": 0, ""cache_creation_input_tokens"": 0, ""uncached_input_tokens"": 4089, ""action"": ""advance""}, {""step"": 5, ""stage"": 2, ""est_request_tokens"": 4335, ""pressure_before_management"": false, ""pressure"": false, ""recovery"": false, ""reported_input_tokens"": 4470, ""cache_read_input_tokens"": 0, ""cache_creation_input_tokens"": 0, ""uncached_input_tokens"": 4470, ""action"": ""execute""}, {""step"": 6, ""stage"": 2, ""est_request_tokens"": 3164, ""pressure_before_management"": false, ""pressure"": false, ""recovery"": false, ""reported_input_tokens"": 3176, ""cache_read_input_tokens"": 0, ""cache_creation_input_tokens"": 0, ""uncached_input_tokens"": 3176, ""action"": ""advance""}, {""step"": 7, ""stage"": 3, ""est_request_tokens"": 3611, ""pressure_before_management"": false, ""pressure"": false, ""recovery"": false, ""reported_input_tokens"": 3603, ""cache_read_input_tokens"": 0, ""cache_creation_input_tokens"": 0, ""uncached_input_tokens"": 3603, ""action"": ""execute""}, {""step"": 8, ""stage"": 3, ""est_request_tokens"": 5530, ""pressure_before_management"": false, ""pressure"": false, ""recovery"": false, ""reported_input_tokens"": 5889, ""cache_read_input_tokens"": 0, ""cache_creation_input_tokens"": 0, ""uncached_input_tokens"": 5889, ""action"": ""execute""}, {""step"": 9, ""stage"": 3, ""est_request_tokens"": 3193, ""pressure_before_management"": false, ""pressure"": false, ""recovery"": false, ""reported_input_tokens"": 3157, ""cache_read_input_tokens"": 0, ""cache_creation_input_tokens"": 0, ""uncached_input_tokens"": 3157, ""action"": ""advance""}, {""step"": 10, ""stage"": 4, ""est_request_tokens"": 3637, ""pressure_before_management"": false, ""pressure"": false, ""recovery"": false, ""reported_input_tokens"": 3636, ""cache_read_input_tokens"": 0, ""cache_creation_input_tokens"": 0, ""uncached_input_tokens"": 3636, ""action"": ""execute""}, {""step"": 11, ""stage"": 4, ""est_request_tokens"": 4044, ""pressure_before_management"": false, ""pressure"": false, ""recovery"": false, ""reported_input_tokens"": 4064, ""cache_read_input_tokens"": 0, ""cache_creation_input_tokens"": 0, ""uncached_input_tokens"": 4064, ""action"": ""execute""}, {""step"": 12, ""stage"": 4, ""est_request_tokens"": 4751, ""pressure_before_management"": false, ""pressure"": false, ""recovery"": false, ""reported_input_tokens"": 4838, ""cache_read_input_tokens"": 0, ""cache_creation_input_tokens"": 0, ""uncached_input_tokens"": 4838, ""action"": ""final""}]"
20261005T002314-clm-cacheon-coding-eval-1-bbc5,evaluation,0.122645,clm,coding-eval-1,completed,True,correct,True,invoice-checks/1,correct,True,invoice-checks/1,True,28,28,0,,,8,8,0,12,12,0,8,8,0,9,9,0,0,0,5,4,4,0,0,0,0,971,3493,3619,0.122643,56.0,2026-10-04.1,0f8dedc5f60071e74599a5ae03b2dc3c65c1f14ac44b8510986bf82f2bd6e8a6,blocks/1,on,5m,run-tag/1,17245,9090,0,46.016,0.122645,17245,9090,971,46.016,,,,,,4,4,,,"[3, 5, 7, 9]",[],[],[],3,1,7,3,3,0,"[{""step"": 1, ""stage"": 1, ""est_request_tokens"": 1441, ""pressure_before_management"": false, ""pressure"": false, ""recovery"": false, ""reported_input_tokens"": 1835, ""cache_read_input_tokens"": 0, ""cache_creation_input_tokens"": 1728, ""uncached_input_tokens"": 107, ""action"": ""execute""}, {""step"": 2, ""stage"": 1, ""est_request_tokens"": 2613, ""pressure_before_management"": false, ""pressure"": false, ""recovery"": false, ""reported_input_tokens"": 3044, ""cache_read_input_tokens"": 1728, ""cache_creation_input_tokens"": 1208, ""uncached_input_tokens"": 108, ""action"": ""execute""}, {""step"": 3, ""stage"": 1, ""est_request_tokens"": 2506, ""pressure_before_management"": false, ""pressure"": false, ""recovery"": false, ""reported_input_tokens"": 2767, ""cache_read_input_tokens"": 1728, ""cache_creation_input_tokens"": 931, ""uncached_input_tokens"": 108, ""action"": ""advance""}, {""step"": 4, ""stage"": 2, ""est_request_tokens"": 2999, ""pressure_before_management"": false, ""pressure"": false, ""recovery"": false, ""reported_input_tokens"": 3148, ""cache_read_input_tokens"": 2659, ""cache_creation_input_tokens"": 381, ""uncached_input_tokens"": 108, ""action"": ""execute""}, {""step"": 5, ""stage"": 2, ""est_request_tokens"": 2939, ""pressure_before_management"": false, ""pressure"": false, ""recovery"": false, ""reported_input_tokens"": 3022, ""cache_read_input_tokens"": 1728, ""cache_creation_input_tokens"": 1186, ""uncached_input_tokens"": 108, ""action"": ""advance""}, {""step"": 6, ""stage"": 3, ""est_request_tokens"": 3421, ""pressure_before_management"": false, ""pressure"": false, ""recovery"": false, ""reported_input_tokens"": 3449, ""cache_read_input_tokens"": 2914, ""cache_creation_input_tokens"": 427, ""uncached_input_tokens"": 108, ""action"": ""execute""}, {""step"": 7, ""stage"": 3, ""est_request_tokens"": 3090, ""pressure_before_management"": false, ""pressure"": false, ""recovery"": false, ""reported_input_tokens"": 3140, ""cache_read_input_tokens"": 1728, ""cache_creation_input_tokens"": 1304, ""uncached_input_tokens"": 108, ""action"": ""advance""}, {""step"": 8, ""stage"": 4, ""est_request_tokens"": 3570, ""pressure_before_management"": false, ""pressure"": false, ""recovery"": false, ""reported_input_tokens"": 3619, ""cache_read_input_tokens"": 3032, ""cache_creation_input_tokens"": 479, ""uncached_input_tokens"": 108, ""action"": ""execute""}, {""step"": 9, ""stage"": 4, ""est_request_tokens"": 3276, ""pressure_before_management"": false, ""pressure"": false, ""recovery"": false, ""reported_input_tokens"": 3282, ""cache_read_input_tokens"": 1728, ""cache_creation_input_tokens"": 1446, ""uncached_input_tokens"": 108, ""action"": ""final""}]"
20261005T002410-summary-cacheon-coding-eval-1-d6b3,evaluation,0.154397,summary,coding-eval-1,completed,True,correct,True,invoice-checks/1,correct,True,invoice-checks/1,True,28,28,0,,,8,8,0,12,12,0,8,8,0,10,9,0,1,0,5,0,0,0,1,0,1,1006,4199,4928,0.154397,61.8,2026-10-04.1,0f8dedc5f60071e74599a5ae03b2dc3c65c1f14ac44b8510986bf82f2bd6e8a6,blocks/1,on,5m,run-tag/1,24542,12297,0,51.642,0.110962,24542,8090,971,41.169,0.043435,0,4207,35,10.473,4,4,7,3,[],[7],[],[],7,3,3,1,1,0,"[{""step"": 1, ""stage"": 1, ""est_request_tokens"": 1161, ""pressure_before_management"": false, ""pressure"": false, ""recovery"": false, ""reported_input_tokens"": 1536, ""cache_read_input_tokens"": 0, ""cache_creation_input_tokens"": 1429, ""uncached_input_tokens"": 107, ""action"": ""execute""}, {""step"": 2, ""stage"": 1, ""est_request_tokens"": 2338, ""pressure_before_management"": false, ""pressure"": false, ""recovery"": false, ""reported_input_tokens"": 2743, ""cache_read_input_tokens"": 1429, ""cache_creation_input_tokens"": 1206, ""uncached_input_tokens"": 108, ""action"": ""execute""}, {""step"": 3, ""stage"": 1, ""est_request_tokens"": 3100, ""pressure_before_management"": false, ""pressure"": false, ""recovery"": false, ""reported_input_tokens"": 3434, ""cache_read_input_tokens"": 2635, ""cache_creation_input_tokens"": 691, ""uncached_input_tokens"": 108, ""action"": ""advance""}, {""step"": 4, ""stage"": 2, ""est_request_tokens"": 3635, ""pressure_before_management"": false, ""pressure"": false, ""recovery"": false, ""reported_input_tokens"": 3815, ""cache_read_input_tokens"": 3326, ""cache_creation_input_tokens"": 381, ""uncached_input_tokens"": 108, ""action"": ""execute""}, {""step"": 5, ""stage"": 2, ""est_request_tokens"": 4353, ""pressure_before_management"": false, ""pressure"": false, ""recovery"": false, ""reported_input_tokens"": 4501, ""cache_read_input_tokens"": 3707, ""cache_creation_input_tokens"": 686, ""uncached_input_tokens"": 108, ""action"": ""advance""}, {""step"": 6, ""stage"": 3, ""est_request_tokens"": 4877, ""pressure_before_management"": false, ""pressure"": false, ""recovery"": false, ""reported_input_tokens"": 4928, ""cache_read_input_tokens"": 4393, ""cache_creation_input_tokens"": 427, ""uncached_input_tokens"": 108, ""action"": ""execute""}, {""step"": 7, ""stage"": 3, ""est_request_tokens"": 3637, ""pressure_before_management"": true, ""pressure"": false, ""recovery"": false, ""reported_input_tokens"": 3680, ""cache_read_input_tokens"": 1429, ""cache_creation_input_tokens"": 2143, ""uncached_input_tokens"": 108, ""action"": ""advance""}, {""step"": 8, ""stage"": 4, ""est_request_tokens"": 4125, ""pressure_before_management"": false, ""pressure"": false, ""recovery"": false, ""reported_input_tokens"": 4159, ""cache_read_input_tokens"": 3572, ""cache_creation_input_tokens"": 479, ""uncached_input_tokens"": 108, ""action"": ""execute""}, {""step"": 9, ""stage"": 4, ""est_request_tokens"": 4746, ""pressure_before_management"": false, ""pressure"": false, ""recovery"": false, ""reported_input_tokens"": 4807, ""cache_read_input_tokens"": 4051, ""cache_creation_input_tokens"": 648, ""uncached_input_tokens"": 108, ""action"": ""final""}]"
20261005T002512-summary-cacheoff-coding-eval-1-77b4,evaluation,0.243884,summary,coding-eval-1,completed,True,correct,True,invoice-checks/1,correct,True,invoice-checks/1,True,28,28,0,,,8,8,0,12,12,0,8,8,0,10,9,0,1,0,5,0,0,0,1,0,1,38336,4527,5052,0.243884,62.6,2026-10-04.1,0f8dedc5f60071e74599a5ae03b2dc3c65c1f14ac44b8510986bf82f2bd6e8a6,blocks/1,off,,run-tag/1,0,0,0,52.657,0.2032,0,0,33970,42.212,0.040684,0,0,4366,10.445,4,4,7,3,[],[7],[],[],7,3,3,1,1,0,"[{""step"": 1, ""stage"": 1, ""est_request_tokens"": 1161, ""pressure_before_management"": false, ""pressure"": false, ""recovery"": false, ""reported_input_tokens"": 1531, ""cache_read_input_tokens"": 0, ""cache_creation_input_tokens"": 0, ""uncached_input_tokens"": 1531, ""action"": ""execute""}, {""step"": 2, ""stage"": 1, ""est_request_tokens"": 2328, ""pressure_before_management"": false, ""pressure"": false, ""recovery"": false, ""reported_input_tokens"": 2723, ""cache_read_input_tokens"": 0, ""cache_creation_input_tokens"": 0, ""uncached_input_tokens"": 2723, ""action"": ""execute""}, {""step"": 3, ""stage"": 1, ""est_request_tokens"": 3050, ""pressure_before_management"": false, ""pressure"": false, ""recovery"": false, ""reported_input_tokens"": 3387, ""cache_read_input_tokens"": 0, ""cache_creation_input_tokens"": 0, ""uncached_input_tokens"": 3387, ""action"": ""advance""}, {""step"": 4, ""stage"": 2, ""est_request_tokens"": 3585, ""pressure_before_management"": false, ""pressure"": false, ""recovery"": false, ""reported_input_tokens"": 3768, ""cache_read_input_tokens"": 0, ""cache_creation_input_tokens"": 0, ""uncached_input_tokens"": 3768, ""action"": ""execute""}, {""step"": 5, ""stage"": 2, ""est_request_tokens"": 4448, ""pressure_before_management"": false, ""pressure"": false, ""recovery"": false, ""reported_input_tokens"": 4625, ""cache_read_input_tokens"": 0, ""cache_creation_input_tokens"": 0, ""uncached_input_tokens"": 4625, ""action"": ""advance""}, {""step"": 6, ""stage"": 3, ""est_request_tokens"": 4987, ""pressure_before_management"": false, ""pressure"": false, ""recovery"": false, ""reported_input_tokens"": 5052, ""cache_read_input_tokens"": 0, ""cache_creation_input_tokens"": 0, ""uncached_input_tokens"": 5052, ""action"": ""execute""}, {""step"": 7, ""stage"": 3, ""est_request_tokens"": 3746, ""pressure_before_management"": true, ""pressure"": false, ""recovery"": false, ""reported_input_tokens"": 3735, ""cache_read_input_tokens"": 0, ""cache_creation_input_tokens"": 0, ""uncached_input_tokens"": 3735, ""action"": ""advance""}, {""step"": 8, ""stage"": 4, ""est_request_tokens"": 4205, ""pressure_before_management"": false, ""pressure"": false, ""recovery"": false, ""reported_input_tokens"": 4214, ""cache_read_input_tokens"": 0, ""cache_creation_input_tokens"": 0, ""uncached_input_tokens"": 4214, ""action"": ""execute""}, {""step"": 9, ""stage"": 4, ""est_request_tokens"": 4871, ""pressure_before_management"": false, ""pressure"": false, ""recovery"": false, ""reported_input_tokens"": 4935, ""cache_read_input_tokens"": 0, ""cache_creation_input_tokens"": 0, ""uncached_input_tokens"": 4935, ""action"": ""final""}]"
20261005T002615-clm-cacheon-coding-eval-2-a322,evaluation,0.115645,clm,coding-eval-2,completed,True,correct,True,invoice-checks/1,correct,True,invoice-checks/1,True,28,28,0,,,4,4,0,12,12,0,12,12,0,11,11,0,0,0,7,3,3,0,0,0,0,1187,2955,4566,0.115643,56.7,2026-10-04.1,d975c6f21735840d75f1f7fc3377c55c295fe52ce15c8ce1b53265a1f0383d25,blocks/1,on,5m,run-tag/1,25901,9323,0,45.438,0.115645,25901,9323,1187,45.438,,,,,,4,4,,,"[3, 5, 8]",[],[],[],3,1,9,5,3,0,"[{""step"": 1, ""stage"": 1, ""est_request_tokens"": 1441, ""pressure_before_management"": false, ""pressure"": false, ""recovery"": false, ""reported_input_tokens"": 1830, ""cache_read_input_tokens"": 0, ""cache_creation_input_tokens"": 1723, ""uncached_input_tokens"": 107, ""action"": ""execute""}, {""step"": 2, ""stage"": 1, ""est_request_tokens"": 2641, ""pressure_before_management"": false, ""pressure"": false, ""recovery"": false, ""reported_input_tokens"": 3071, ""cache_read_input_tokens"": 1723, ""cache_creation_input_tokens"": 1240, ""uncached_input_tokens"": 108, ""action"": ""execute""}, {""step"": 3, ""stage"": 1, ""est_request_tokens"": 2618, ""pressure_before_management"": false, ""pressure"": false, ""recovery"": false, ""reported_input_tokens"": 2898, ""cache_read_input_tokens"": 1723, ""cache_creation_input_tokens"": 1067, ""uncached_input_tokens"": 108, ""action"": ""advance""}, {""step"": 4, ""stage"": 2, ""est_request_tokens"": 3107, ""pressure_before_management"": false, ""pressure"": false, ""recovery"": false, ""reported_input_tokens"": 3283, ""cache_read_input_tokens"": 2790, ""cache_creation_input_tokens"": 385, ""uncached_input_tokens"": 108, ""action"": ""execute""}, {""step"": 5, ""stage"": 2, ""est_request_tokens"": 2802, ""pressure_before_management"": false, ""pressure"": false, ""recovery"": false, ""reported_input_tokens"": 2883, ""cache_read_input_tokens"": 1723, ""cache_creation_input_tokens"": 1052, ""uncached_input_tokens"": 108, ""action"": ""advance""}, {""step"": 6, ""stage"": 3, ""est_request_tokens"": 3273, ""pressure_before_management"": false, ""pressure"": false, ""recovery"": false, ""reported_input_tokens"": 3314, ""cache_read_input_tokens"": 2775, ""cache_creation_input_tokens"": 431, ""uncached_input_tokens"": 108, ""action"": ""execute""}, {""step"": 7, ""stage"": 3, ""est_request_tokens"": 3872, ""pressure_before_management"": false, ""pressure"": false, ""recovery"": false, ""reported_input_tokens"": 4004, ""cache_read_input_tokens"": 3206, ""cache_creation_input_tokens"": 690, ""uncached_input_tokens"": 108, ""action"": ""execute""}, {""step"": 8, ""stage"": 3, ""est_request_tokens"": 3018, ""pressure_before_management"": false, ""pressure"": false, ""recovery"": false, ""reported_input_tokens"": 3018, ""cache_read_input_tokens"": 1723, ""cache_creation_input_tokens"": 1187, ""uncached_input_tokens"": 108, ""action"": ""advance""}, {""step"": 9, ""stage"": 4, ""est_request_tokens"": 3408, ""pressure_before_management"": false, ""pressure"": false, ""recovery"": false, ""reported_input_tokens"": 3397, ""cache_read_input_tokens"": 2910, ""cache_creation_input_tokens"": 379, ""uncached_input_tokens"": 108, ""action"": ""execute""}, {""step"": 10, ""stage"": 4, ""est_request_tokens"": 4047, ""pressure_before_management"": false, ""pressure"": false, ""recovery"": false, ""reported_input_tokens"": 4147, ""cache_read_input_tokens"": 3289, ""cache_creation_input_tokens"": 750, ""uncached_input_tokens"": 108, ""action"": ""execute""}, {""step"": 11, ""stage"": 4, ""est_request_tokens"": 4478, ""pressure_before_management"": false, ""pressure"": false, ""recovery"": false, ""reported_input_tokens"": 4566, ""cache_read_input_tokens"": 4039, ""cache_creation_input_tokens"": 419, ""uncached_input_tokens"": 108, ""action"": ""final""}]"
20261005T002711-summary-cacheoff-coding-eval-2-8f39,evaluation,0.282448,summary,coding-eval-2,completed,True,correct,True,invoice-checks/1,correct,True,invoice-checks/1,True,28,28,0,,,4,4,0,12,12,0,12,12,0,12,11,0,1,0,7,0,0,0,1,0,1,49137,4295,5539,0.282448,65.3,2026-10-04.1,d975c6f21735840d75f1f7fc3377c55c295fe52ce15c8ce1b53265a1f0383d25,blocks/1,off,,run-tag/1,0,0,0,54.674,0.244536,0,0,45214,44.474,0.037912,0,0,3923,10.2,4,4,7,3,[],[7],[],[],7,3,5,3,1,0,"[{""step"": 1, ""stage"": 1, ""est_request_tokens"": 1161, ""pressure_before_management"": false, ""pressure"": false, ""recovery"": false, ""reported_input_tokens"": 1533, ""cache_read_input_tokens"": 0, ""cache_creation_input_tokens"": 0, ""uncached_input_tokens"": 1533, ""action"": ""execute""}, {""step"": 2, ""stage"": 1, ""est_request_tokens"": 2368, ""pressure_before_management"": false, ""pressure"": false, ""recovery"": false, ""reported_input_tokens"": 2773, ""cache_read_input_tokens"": 0, ""cache_creation_input_tokens"": 0, ""uncached_input_tokens"": 2773, ""action"": ""execute""}, {""step"": 3, ""stage"": 1, ""est_request_tokens"": 3388, ""pressure_before_management"": false, ""pressure"": false, ""recovery"": false, ""reported_input_tokens"": 3736, ""cache_read_input_tokens"": 0, ""cache_creation_input_tokens"": 0, ""uncached_input_tokens"": 3736, ""action"": ""advance""}, {""step"": 4, ""stage"": 2, ""est_request_tokens"": 3917, ""pressure_before_management"": false, ""pressure"": false, ""recovery"": false, ""reported_input_tokens"": 4121, ""cache_read_input_tokens"": 0, ""cache_creation_input_tokens"": 0, ""uncached_input_tokens"": 4121, ""action"": ""execute""}, {""step"": 5, ""stage"": 2, ""est_request_tokens"": 4541, ""pressure_before_management"": false, ""pressure"": false, ""recovery"": false, ""reported_input_tokens"": 4700, ""cache_read_input_tokens"": 0, ""cache_creation_input_tokens"": 0, ""uncached_input_tokens"": 4700, ""action"": ""advance""}, {""step"": 6, ""stage"": 3, ""est_request_tokens"": 5059, ""pressure_before_management"": false, ""pressure"": false, ""recovery"": false, ""reported_input_tokens"": 5131, ""cache_read_input_tokens"": 0, ""cache_creation_input_tokens"": 0, ""uncached_input_tokens"": 5131, ""action"": ""execute""}, {""step"": 7, ""stage"": 3, ""est_request_tokens"": 3982, ""pressure_before_management"": true, ""pressure"": false, ""recovery"": false, ""reported_input_tokens"": 3967, ""cache_read_input_tokens"": 0, ""cache_creation_input_tokens"": 0, ""uncached_input_tokens"": 3967, ""action"": ""execute""}, {""step"": 8, ""stage"": 3, ""est_request_tokens"": 4157, ""pressure_before_management"": false, ""pressure"": false, ""recovery"": false, ""reported_input_tokens"": 4173, ""cache_read_input_tokens"": 0, ""cache_creation_input_tokens"": 0, ""uncached_input_tokens"": 4173, ""action"": ""advance""}, {""step"": 9, ""stage"": 4, ""est_request_tokens"": 4557, ""pressure_before_management"": false, ""pressure"": false, ""recovery"": false, ""reported_input_tokens"": 4552, ""cache_read_input_tokens"": 0, ""cache_creation_input_tokens"": 0, ""uncached_input_tokens"": 4552, ""action"": ""execute""}, {""step"": 10, ""stage"": 4, ""est_request_tokens"": 4977, ""pressure_before_management"": false, ""pressure"": false, ""recovery"": false, ""reported_input_tokens"": 4989, ""cache_read_input_tokens"": 0, ""cache_creation_input_tokens"": 0, ""uncached_input_tokens"": 4989, ""action"": ""execute""}, {""step"": 11, ""stage"": 4, ""est_request_tokens"": 5488, ""pressure_before_management"": false, ""pressure"": false, ""recovery"": false, ""reported_input_tokens"": 5539, ""cache_read_input_tokens"": 0, ""cache_creation_input_tokens"": 0, ""uncached_input_tokens"": 5539, ""action"": ""final""}]"
20261005T002817-clm-cacheoff-coding-eval-2-2797,evaluation,0.197736,clm,coding-eval-2,completed,True,correct,True,invoice-checks/1,correct,True,invoice-checks/1,True,28,28,0,,,4,4,0,12,12,0,12,12,0,11,11,0,0,0,7,3,3,0,0,0,0,35749,2737,4158,0.197736,56.0,2026-10-04.1,d975c6f21735840d75f1f7fc3377c55c295fe52ce15c8ce1b53265a1f0383d25,blocks/1,off,,run-tag/1,0,0,0,44.735,0.197736,0,0,35749,44.735,,,,,,4,4,,,"[5, 8, 11]",[],[],[],5,2,7,4,2,0,"[{""step"": 1, ""stage"": 1, ""est_request_tokens"": 1441, ""pressure_before_management"": false, ""pressure"": false, ""recovery"": false, ""reported_input_tokens"": 1828, ""cache_read_input_tokens"": 0, ""cache_creation_input_tokens"": 0, ""uncached_input_tokens"": 1828, ""action"": ""execute""}, {""step"": 2, ""stage"": 1, ""est_request_tokens"": 2608, ""pressure_before_management"": false, ""pressure"": false, ""recovery"": false, ""reported_input_tokens"": 3013, ""cache_read_input_tokens"": 0, ""cache_creation_input_tokens"": 0, ""uncached_input_tokens"": 3013, ""action"": ""execute""}, {""step"": 3, ""stage"": 1, ""est_request_tokens"": 3399, ""pressure_before_management"": false, ""pressure"": false, ""recovery"": false, ""reported_input_tokens"": 3773, ""cache_read_input_tokens"": 0, ""cache_creation_input_tokens"": 0, ""uncached_input_tokens"": 3773, ""action"": ""advance""}, {""step"": 4, ""stage"": 2, ""est_request_tokens"": 3932, ""pressure_before_management"": false, ""pressure"": false, ""recovery"": false, ""reported_input_tokens"": 4158, ""cache_read_input_tokens"": 0, ""cache_creation_input_tokens"": 0, ""uncached_input_tokens"": 4158, ""action"": ""execute""}, {""step"": 5, ""stage"": 2, ""est_request_tokens"": 2800, ""pressure_before_management"": false, ""pressure"": false, ""recovery"": false, ""reported_input_tokens"": 2871, ""cache_read_input_tokens"": 0, ""cache_creation_input_tokens"": 0, ""uncached_input_tokens"": 2871, ""action"": ""advance""}, {""step"": 6, ""stage"": 3, ""est_request_tokens"": 3264, ""pressure_before_management"": false, ""pressure"": false, ""recovery"": false, ""reported_input_tokens"": 3302, ""cache_read_input_tokens"": 0, ""cache_creation_input_tokens"": 0, ""uncached_input_tokens"": 3302, ""action"": ""execute""}, {""step"": 7, ""stage"": 3, ""est_request_tokens"": 3840, ""pressure_before_management"": false, ""pressure"": false, ""recovery"": false, ""reported_input_tokens"": 3997, ""cache_read_input_tokens"": 0, ""cache_creation_input_tokens"": 0, ""uncached_input_tokens"": 3997, ""action"": ""execute""}, {""step"": 8, ""stage"": 3, ""est_request_tokens"": 2925, ""pressure_before_management"": false, ""pressure"": false, ""recovery"": false, ""reported_input_tokens"": 2905, ""cache_read_input_tokens"": 0, ""cache_creation_input_tokens"": 0, ""uncached_input_tokens"": 2905, ""action"": ""advance""}, {""step"": 9, ""stage"": 4, ""est_request_tokens"": 3303, ""pressure_before_management"": false, ""pressure"": false, ""recovery"": false, ""reported_input_tokens"": 3284, ""cache_read_input_tokens"": 0, ""cache_creation_input_tokens"": 0, ""uncached_input_tokens"": 3284, ""action"": ""execute""}, {""step"": 10, ""stage"": 4, ""est_request_tokens"": 3909, ""pressure_before_management"": false, ""pressure"": false, ""recovery"": false, ""reported_input_tokens"": 4041, ""cache_read_input_tokens"": 0, ""cache_creation_input_tokens"": 0, ""uncached_input_tokens"": 4041, ""action"": ""execute""}, {""step"": 11, ""stage"": 4, ""est_request_tokens"": 2666, ""pressure_before_management"": false, ""pressure"": false, ""recovery"": false, ""reported_input_tokens"": 2577, ""cache_read_input_tokens"": 0, ""cache_creation_input_tokens"": 0, ""uncached_input_tokens"": 2577, ""action"": ""final""}]"
20261005T002913-summary-cacheon-coding-eval-2-5915,evaluation,0.157964,summary,coding-eval-2,completed,True,correct,True,invoice-checks/1,correct,True,invoice-checks/1,True,28,28,0,,,4,4,0,12,12,0,12,12,0,11,10,0,1,0,6,0,0,0,1,0,1,1114,4062,5658,0.157964,63.8,2026-10-04.1,d975c6f21735840d75f1f7fc3377c55c295fe52ce15c8ce1b53265a1f0383d25,blocks/1,on,5m,run-tag/1,30513,13233,0,52.652,0.116359,30513,9244,1079,42.761,0.041605,0,3989,35,9.891,4,4,7,3,[],[7],[],[],7,3,4,2,1,0,"[{""step"": 1, ""stage"": 1, ""est_request_tokens"": 1161, ""pressure_before_management"": false, ""pressure"": false, ""recovery"": false, ""reported_input_tokens"": 1537, ""cache_read_input_tokens"": 0, ""cache_creation_input_tokens"": 1430, ""uncached_input_tokens"": 107, ""action"": ""execute""}, {""step"": 2, ""stage"": 1, ""est_request_tokens"": 2373, ""pressure_before_management"": false, ""pressure"": false, ""recovery"": false, ""reported_input_tokens"": 2783, ""cache_read_input_tokens"": 1430, ""cache_creation_input_tokens"": 1245, ""uncached_input_tokens"": 108, ""action"": ""execute""}, {""step"": 3, ""stage"": 1, ""est_request_tokens"": 3384, ""pressure_before_management"": false, ""pressure"": false, ""recovery"": false, ""reported_input_tokens"": 3814, ""cache_read_input_tokens"": 2675, ""cache_creation_input_tokens"": 1031, ""uncached_input_tokens"": 108, ""action"": ""advance""}, {""step"": 4, ""stage"": 2, ""est_request_tokens"": 3954, ""pressure_before_management"": false, ""pressure"": false, ""recovery"": false, ""reported_input_tokens"": 4199, ""cache_read_input_tokens"": 3706, ""cache_creation_input_tokens"": 385, ""uncached_input_tokens"": 108, ""action"": ""execute""}, {""step"": 5, ""stage"": 2, ""est_request_tokens"": 4626, ""pressure_before_management"": false, ""pressure"": false, ""recovery"": false, ""reported_input_tokens"": 4801, ""cache_read_input_tokens"": 4091, ""cache_creation_input_tokens"": 602, ""uncached_input_tokens"": 108, ""action"": ""advance""}, {""step"": 6, ""stage"": 3, ""est_request_tokens"": 5159, ""pressure_before_management"": false, ""pressure"": false, ""recovery"": false, ""reported_input_tokens"": 5232, ""cache_read_input_tokens"": 4693, ""cache_creation_input_tokens"": 431, ""uncached_input_tokens"": 108, ""action"": ""execute""}, {""step"": 7, ""stage"": 3, ""est_request_tokens"": 3872, ""pressure_before_management"": true, ""pressure"": false, ""recovery"": false, ""reported_input_tokens"": 3827, ""cache_read_input_tokens"": 1430, ""cache_creation_input_tokens"": 2289, ""uncached_input_tokens"": 108, ""action"": ""advance""}, {""step"": 8, ""stage"": 4, ""est_request_tokens"": 4245, ""pressure_before_management"": false, ""pressure"": false, ""recovery"": false, ""reported_input_tokens"": 4206, ""cache_read_input_tokens"": 3719, ""cache_creation_input_tokens"": 379, ""uncached_input_tokens"": 108, ""action"": ""execute""}, {""step"": 9, ""stage"": 4, ""est_request_tokens"": 4725, ""pressure_before_management"": false, ""pressure"": false, ""recovery"": false, ""reported_input_tokens"": 4779, ""cache_read_input_tokens"": 4098, ""cache_creation_input_tokens"": 573, ""uncached_input_tokens"": 108, ""action"": ""execute""}, {""step"": 10, ""stage"": 4, ""est_request_tokens"": 5551, ""pressure_before_management"": false, ""pressure"": false, ""recovery"": false, ""reported_input_tokens"": 5658, ""cache_read_input_tokens"": 4671, ""cache_creation_input_tokens"": 879, ""uncached_input_tokens"": 108, ""action"": ""final""}]"
20261005T003016-summary-cacheoff-coding-eval-3-37dd,evaluation,0.341752,summary,coding-eval-3,completed,True,correct,True,invoice-checks/1,correct,True,invoice-checks/1,True,28,28,0,,,4,4,0,16,16,0,8,8,0,13,11,0,2,0,7,0,0,0,2,0,2,52278,6632,5571,0.341752,86.6,2026-10-04.1,f5b3498e4c4746789da21ad2660e381cdb23a4e010900150aaf576120f13f001,blocks/1,off,,run-tag/1,0,0,0,73.978,0.249948,0,0,42927,50.258,0.091804,0,0,9351,23.72,4,4,7,3,[],"[7, 11]",[],[],7,3,5,3,1,0,"[{""step"": 1, ""stage"": 1, ""est_request_tokens"": 1161, ""pressure_before_management"": false, ""pressure"": false, ""recovery"": false, ""reported_input_tokens"": 1534, ""cache_read_input_tokens"": 0, ""cache_creation_input_tokens"": 0, ""uncached_input_tokens"": 1534, ""action"": ""execute""}, {""step"": 2, ""stage"": 1, ""est_request_tokens"": 2183, ""pressure_before_management"": false, ""pressure"": false, ""recovery"": false, ""reported_input_tokens"": 2550, ""cache_read_input_tokens"": 0, ""cache_creation_input_tokens"": 0, ""uncached_input_tokens"": 2550, ""action"": ""execute""}, {""step"": 3, ""stage"": 1, ""est_request_tokens"": 2842, ""pressure_before_management"": false, ""pressure"": false, ""recovery"": false, ""reported_input_tokens"": 3129, ""cache_read_input_tokens"": 0, ""cache_creation_input_tokens"": 0, ""uncached_input_tokens"": 3129, ""action"": ""execute""}, {""step"": 4, ""stage"": 1, ""est_request_tokens"": 3745, ""pressure_before_management"": false, ""pressure"": false, ""recovery"": false, ""reported_input_tokens"": 4049, ""cache_read_input_tokens"": 0, ""cache_creation_input_tokens"": 0, ""uncached_input_tokens"": 4049, ""action"": ""advance""}, {""step"": 5, ""stage"": 2, ""est_request_tokens"": 4381, ""pressure_before_management"": false, ""pressure"": false, ""recovery"": false, ""reported_input_tokens"": 4522, ""cache_read_input_tokens"": 0, ""cache_creation_input_tokens"": 0, ""uncached_input_tokens"": 4522, ""action"": ""execute""}, {""step"": 6, ""stage"": 2, ""est_request_tokens"": 5345, ""pressure_before_management"": false, ""pressure"": false, ""recovery"": false, ""reported_input_tokens"": 5571, ""cache_read_input_tokens"": 0, ""cache_creation_input_tokens"": 0, ""uncached_input_tokens"": 5571, ""action"": ""advance""}, {""step"": 7, ""stage"": 3, ""est_request_tokens"": 3500, ""pressure_before_management"": true, ""pressure"": false, ""recovery"": false, ""reported_input_tokens"": 3374, ""cache_read_input_tokens"": 0, ""cache_creation_input_tokens"": 0, ""uncached_input_tokens"": 3374, ""action"": ""execute""}, {""step"": 8, ""stage"": 3, ""est_request_tokens"": 4096, ""pressure_before_management"": false, ""pressure"": false, ""recovery"": false, ""reported_input_tokens"": 4173, ""cache_read_input_tokens"": 0, ""cache_creation_input_tokens"": 0, ""uncached_input_tokens"": 4173, ""action"": ""execute""}, {""step"": 9, ""stage"": 3, ""est_request_tokens"": 4678, ""pressure_before_management"": false, ""pressure"": false, ""recovery"": false, ""reported_input_tokens"": 4772, ""cache_read_input_tokens"": 0, ""cache_creation_input_tokens"": 0, ""uncached_input_tokens"": 4772, ""action"": ""advance""}, {""step"": 10, ""stage"": 4, ""est_request_tokens"": 5212, ""pressure_before_management"": false, ""pressure"": false, ""recovery"": false, ""reported_input_tokens"": 5243, ""cache_read_input_tokens"": 0, ""cache_creation_input_tokens"": 0, ""uncached_input_tokens"": 5243, ""action"": ""execute""}, {""step"": 11, ""stage"": 4, ""est_request_tokens"": 4035, ""pressure_before_management"": true, ""pressure"": false, ""recovery"": false, ""reported_input_tokens"": 4010, ""cache_read_input_tokens"": 0, ""cache_creation_input_tokens"": 0, ""uncached_input_tokens"": 4010, ""action"": ""final""}]"
20261005T003143-summary-cacheon-coding-eval-3-75f1,evaluation,0.234109,summary,coding-eval-3,completed,True,correct,True,invoice-checks/1,correct,True,invoice-checks/1,True,28,28,0,,,4,4,0,16,16,0,8,8,0,14,12,0,2,0,8,0,0,0,2,0,2,1365,6115,5419,0.234107,88.5,2026-10-04.1,f5b3498e4c4746789da21ad2660e381cdb23a4e010900150aaf576120f13f001,blocks/1,on,5m,run-tag/1,37360,19775,0,73.368,0.142301,36545,11766,1295,50.48,0.091808,815,8009,70,22.888,4,4,7,2,[],"[7, 12]",[],[],7,2,6,3,2,0,"[{""step"": 1, ""stage"": 1, ""est_request_tokens"": 1161, ""pressure_before_management"": false, ""pressure"": false, ""recovery"": false, ""reported_input_tokens"": 1535, ""cache_read_input_tokens"": 0, ""cache_creation_input_tokens"": 1428, ""uncached_input_tokens"": 107, ""action"": ""execute""}, {""step"": 2, ""stage"": 1, ""est_request_tokens"": 2184, ""pressure_before_management"": false, ""pressure"": false, ""recovery"": false, ""reported_input_tokens"": 2551, ""cache_read_input_tokens"": 1428, ""cache_creation_input_tokens"": 1015, ""uncached_input_tokens"": 108, ""action"": ""execute""}, {""step"": 3, ""stage"": 1, ""est_request_tokens"": 3333, ""pressure_before_management"": false, ""pressure"": false, ""recovery"": false, ""reported_input_tokens"": 3826, ""cache_read_input_tokens"": 2443, ""cache_creation_input_tokens"": 1275, ""uncached_input_tokens"": 108, ""action"": ""execute""}, {""step"": 4, ""stage"": 1, ""est_request_tokens"": 4296, ""pressure_before_management"": false, ""pressure"": false, ""recovery"": false, ""reported_input_tokens"": 4652, ""cache_read_input_tokens"": 3718, ""cache_creation_input_tokens"": 826, ""uncached_input_tokens"": 108, ""action"": ""execute""}, {""step"": 5, ""stage"": 1, ""est_request_tokens"": 4664, ""pressure_before_management"": false, ""pressure"": false, ""recovery"": false, ""reported_input_tokens"": 4860, ""cache_read_input_tokens"": 4544, ""cache_creation_input_tokens"": 208, ""uncached_input_tokens"": 108, ""action"": ""advance""}, {""step"": 6, ""stage"": 2, ""est_request_tokens"": 5271, ""pressure_before_management"": false, ""pressure"": false, ""recovery"": false, ""reported_input_tokens"": 5333, ""cache_read_input_tokens"": 4752, ""cache_creation_input_tokens"": 473, ""uncached_input_tokens"": 108, ""action"": ""execute""}, {""step"": 7, ""stage"": 2, ""est_request_tokens"": 3816, ""pressure_before_management"": true, ""pressure"": false, ""recovery"": false, ""reported_input_tokens"": 3706, ""cache_read_input_tokens"": 1428, ""cache_creation_input_tokens"": 2170, ""uncached_input_tokens"": 108, ""action"": ""advance""}, {""step"": 8, ""stage"": 3, ""est_request_tokens"": 4167, ""pressure_before_management"": false, ""pressure"": false, ""recovery"": false, ""reported_input_tokens"": 4087, ""cache_read_input_tokens"": 3598, ""cache_creation_input_tokens"": 381, ""uncached_input_tokens"": 108, ""action"": ""execute""}, {""step"": 9, ""stage"": 3, ""est_request_tokens"": 4520, ""pressure_before_management"": false, ""pressure"": false, ""recovery"": false, ""reported_input_tokens"": 4510, ""cache_read_input_tokens"": 3979, ""cache_creation_input_tokens"": 423, ""uncached_input_tokens"": 108, ""action"": ""execute""}, {""step"": 10, ""stage"": 3, ""est_request_tokens"": 4936, ""pressure_before_management"": false, ""pressure"": false, ""recovery"": false, ""reported_input_tokens"": 4933, ""cache_read_input_tokens"": 4402, ""cache_creation_input_tokens"": 423, ""uncached_input_tokens"": 108, ""action"": ""advance""}, {""step"": 11, ""stage"": 4, ""est_request_tokens"": 5432, ""pressure_before_management"": false, ""pressure"": false, ""recovery"": false, ""reported_input_tokens"": 5419, ""cache_read_input_tokens"": 4825, ""cache_creation_input_tokens"": 486, ""uncached_input_tokens"": 108, ""action"": ""execute""}, {""step"": 12, ""stage"": 4, ""est_request_tokens"": 4200, ""pressure_before_management"": true, ""pressure"": false, ""recovery"": false, ""reported_input_tokens"": 4194, ""cache_read_input_tokens"": 1428, ""cache_creation_input_tokens"": 2658, ""uncached_input_tokens"": 108, ""action"": ""final""}]"
20261005T003312-clm-cacheon-coding-eval-3-4f5a,evaluation,0.139527,clm,coding-eval-3,completed,True,correct,True,invoice-checks/1,correct,True,invoice-checks/1,True,28,28,0,,,4,4,0,16,16,0,8,8,0,11,11,0,0,0,7,3,3,0,0,0,0,1187,3808,4899,0.139528,62.6,2026-10-04.1,f5b3498e4c4746789da21ad2660e381cdb23a4e010900150aaf576120f13f001,blocks/1,on,5m,run-tag/1,25977,10685,0,49.518,0.139527,25977,10685,1187,49.518,,,,,,4,4,,,"[4, 6, 8]",[],[],[],4,1,8,4,3,0,"[{""step"": 1, ""stage"": 1, ""est_request_tokens"": 1441, ""pressure_before_management"": false, ""pressure"": false, ""recovery"": false, ""reported_input_tokens"": 1829, ""cache_read_input_tokens"": 0, ""cache_creation_input_tokens"": 1722, ""uncached_input_tokens"": 107, ""action"": ""execute""}, {""step"": 2, ""stage"": 1, ""est_request_tokens"": 2568, ""pressure_before_management"": false, ""pressure"": false, ""recovery"": false, ""reported_input_tokens"": 2977, ""cache_read_input_tokens"": 1722, ""cache_creation_input_tokens"": 1147, ""uncached_input_tokens"": 108, ""action"": ""execute""}, {""step"": 3, ""stage"": 1, ""est_request_tokens"": 3734, ""pressure_before_management"": false, ""pressure"": false, ""recovery"": false, ""reported_input_tokens"": 4275, ""cache_read_input_tokens"": 2869, ""cache_creation_input_tokens"": 1298, ""uncached_input_tokens"": 108, ""action"": ""execute""}, {""step"": 4, ""stage"": 1, ""est_request_tokens"": 2932, ""pressure_before_management"": false, ""pressure"": false, ""recovery"": false, ""reported_input_tokens"": 3074, ""cache_read_input_tokens"": 1722, ""cache_creation_input_tokens"": 1244, ""uncached_input_tokens"": 108, ""action"": ""advance""}, {""step"": 5, ""stage"": 2, ""est_request_tokens"": 3483, ""pressure_before_management"": false, ""pressure"": false, ""recovery"": false, ""reported_input_tokens"": 3547, ""cache_read_input_tokens"": 2966, ""cache_creation_input_tokens"": 473, ""uncached_input_tokens"": 108, ""action"": ""execute""}, {""step"": 6, ""stage"": 2, ""est_request_tokens"": 3096, ""pressure_before_management"": false, ""pressure"": false, ""recovery"": false, ""reported_input_tokens"": 3181, ""cache_read_input_tokens"": 1722, ""cache_creation_input_tokens"": 1351, ""uncached_input_tokens"": 108, ""action"": ""advance""}, {""step"": 7, ""stage"": 3, ""est_request_tokens"": 3534, ""pressure_before_management"": false, ""pressure"": false, ""recovery"": false, ""reported_input_tokens"": 3562, ""cache_read_input_tokens"": 3073, ""cache_creation_input_tokens"": 381, ""uncached_input_tokens"": 108, ""action"": ""execute""}, {""step"": 8, ""stage"": 3, ""est_request_tokens"": 2942, ""pressure_before_management"": false, ""pressure"": false, ""recovery"": false, ""reported_input_tokens"": 2934, ""cache_read_input_tokens"": 1722, ""cache_creation_input_tokens"": 1104, ""uncached_input_tokens"": 108, ""action"": ""advance""}, {""step"": 9, ""stage"": 4, ""est_request_tokens"": 3394, ""pressure_before_management"": false, ""pressure"": false, ""recovery"": false, ""reported_input_tokens"": 3389, ""cache_read_input_tokens"": 2826, ""cache_creation_input_tokens"": 455, ""uncached_input_tokens"": 108, ""action"": ""execute""}, {""step"": 10, ""stage"": 4, ""est_request_tokens"": 4072, ""pressure_before_management"": false, ""pressure"": false, ""recovery"": false, ""reported_input_tokens"": 4182, ""cache_read_input_tokens"": 3281, ""cache_creation_input_tokens"": 793, ""uncached_input_tokens"": 108, ""action"": ""execute""}, {""step"": 11, ""stage"": 4, ""est_request_tokens"": 4802, ""pressure_before_management"": false, ""pressure"": false, ""recovery"": false, ""reported_input_tokens"": 4899, ""cache_read_input_tokens"": 4074, ""cache_creation_input_tokens"": 717, ""uncached_input_tokens"": 108, ""action"": ""final""}]"
20261005T003414-clm-cacheoff-coding-eval-3-3a9a,evaluation,0.201272,clm,coding-eval-3,completed,True,correct,True,invoice-checks/1,correct,True,invoice-checks/1,True,28,28,0,,,4,4,0,16,16,0,8,8,0,10,10,0,0,0,6,4,4,0,0,0,0,32753,3513,5884,0.201272,57.2,2026-10-04.1,f5b3498e4c4746789da21ad2660e381cdb23a4e010900150aaf576120f13f001,blocks/1,off,,run-tag/1,0,0,0,45.828,0.201272,0,0,32753,45.828,,,,,,4,4,,,"[3, 5, 7, 10]",[],[],[],3,1,8,4,3,0,"[{""step"": 1, ""stage"": 1, ""est_request_tokens"": 1441, ""pressure_before_management"": false, ""pressure"": false, ""recovery"": false, ""reported_input_tokens"": 1826, ""cache_read_input_tokens"": 0, ""cache_creation_input_tokens"": 0, ""uncached_input_tokens"": 1826, ""action"": ""execute""}, {""step"": 2, ""stage"": 1, ""est_request_tokens"": 2677, ""pressure_before_management"": false, ""pressure"": false, ""recovery"": false, ""reported_input_tokens"": 3121, ""cache_read_input_tokens"": 0, ""cache_creation_input_tokens"": 0, ""uncached_input_tokens"": 3121, ""action"": ""execute""}, {""step"": 3, ""stage"": 1, ""est_request_tokens"": 2628, ""pressure_before_management"": false, ""pressure"": false, ""recovery"": false, ""reported_input_tokens"": 2933, ""cache_read_input_tokens"": 0, ""cache_creation_input_tokens"": 0, ""uncached_input_tokens"": 2933, ""action"": ""advance""}, {""step"": 4, ""stage"": 2, ""est_request_tokens"": 3237, ""pressure_before_management"": false, ""pressure"": false, ""recovery"": false, ""reported_input_tokens"": 3406, ""cache_read_input_tokens"": 0, ""cache_creation_input_tokens"": 0, ""uncached_input_tokens"": 3406, ""action"": ""execute""}, {""step"": 5, ""stage"": 2, ""est_request_tokens"": 2939, ""pressure_before_management"": false, ""pressure"": false, ""recovery"": false, ""reported_input_tokens"": 3105, ""cache_read_input_tokens"": 0, ""cache_creation_input_tokens"": 0, ""uncached_input_tokens"": 3105, ""action"": ""advance""}, {""step"": 6, ""stage"": 3, ""est_request_tokens"": 3414, ""pressure_before_management"": false, ""pressure"": false, ""recovery"": false, ""reported_input_tokens"": 3486, ""cache_read_input_tokens"": 0, ""cache_creation_input_tokens"": 0, ""uncached_input_tokens"": 3486, ""action"": ""execute""}, {""step"": 7, ""stage"": 3, ""est_request_tokens"": 2873, ""pressure_before_management"": false, ""pressure"": false, ""recovery"": false, ""reported_input_tokens"": 2873, ""cache_read_input_tokens"": 0, ""cache_creation_input_tokens"": 0, ""uncached_input_tokens"": 2873, ""action"": ""advance""}, {""step"": 8, ""stage"": 4, ""est_request_tokens"": 3331, ""pressure_before_management"": false, ""pressure"": false, ""recovery"": false, ""reported_input_tokens"": 3328, ""cache_read_input_tokens"": 0, ""cache_creation_input_tokens"": 0, ""uncached_input_tokens"": 3328, ""action"": ""execute""}, {""step"": 9, ""stage"": 4, ""est_request_tokens"": 5410, ""pressure_before_management"": false, ""pressure"": false, ""recovery"": false, ""reported_input_tokens"": 5884, ""cache_read_input_tokens"": 0, ""cache_creation_input_tokens"": 0, ""uncached_input_tokens"": 5884, ""action"": ""execute""}, {""step"": 10, ""stage"": 4, ""est_request_tokens"": 2946, ""pressure_before_management"": false, ""pressure"": false, ""recovery"": false, ""reported_input_tokens"": 2791, ""cache_read_input_tokens"": 0, ""cache_creation_input_tokens"": 0, ""uncached_input_tokens"": 2791, ""action"": ""final""}]"
20261005T003511-summary-cacheon-coding-eval-4-cb4f,evaluation,0.300767,summary,coding-eval-4,completed,True,correct,True,invoice-checks/1,correct,True,invoice-checks/1,True,28,28,0,,,4,4,0,16,16,0,8,8,0,15,12,0,3,0,8,0,0,0,3,0,3,1400,7752,5449,0.300769,104.0,2026-10-04.1,723966d3b0cee90813a8773fcd4382932adcc8108c7bcce64e55777abf7aa7ed,blocks/1,on,5m,run-tag/1,35568,26603,0,89.516,0.166239,33924,15383,1295,52.96,0.134528,1644,11220,105,36.556,4,4,6,2,[],"[6, 10, 12]",[],[],6,2,7,4,2,0,"[{""step"": 1, ""stage"": 1, ""est_request_tokens"": 1161, ""pressure_before_management"": false, ""pressure"": false, ""recovery"": false, ""reported_input_tokens"": 1542, ""cache_read_input_tokens"": 0, ""cache_creation_input_tokens"": 1435, ""uncached_input_tokens"": 107, ""action"": ""execute""}, {""step"": 2, ""stage"": 1, ""est_request_tokens"": 2181, ""pressure_before_management"": false, ""pressure"": false, ""recovery"": false, ""reported_input_tokens"": 2557, ""cache_read_input_tokens"": 1435, ""cache_creation_input_tokens"": 1014, ""uncached_input_tokens"": 108, ""action"": ""execute""}, {""step"": 3, ""stage"": 1, ""est_request_tokens"": 3572, ""pressure_before_management"": false, ""pressure"": false, ""recovery"": false, ""reported_input_tokens"": 4149, ""cache_read_input_tokens"": 2449, ""cache_creation_input_tokens"": 1592, ""uncached_input_tokens"": 108, ""action"": ""execute""}, {""step"": 4, ""stage"": 1, ""est_request_tokens"": 4632, ""pressure_before_management"": false, ""pressure"": false, ""recovery"": false, ""reported_input_tokens"": 5031, ""cache_read_input_tokens"": 4041, ""cache_creation_input_tokens"": 882, ""uncached_input_tokens"": 108, ""action"": ""advance""}, {""step"": 5, ""stage"": 2, ""est_request_tokens"": 5211, ""pressure_before_management"": false, ""pressure"": false, ""recovery"": false, ""reported_input_tokens"": 5411, ""cache_read_input_tokens"": 4923, ""cache_creation_input_tokens"": 380, ""uncached_input_tokens"": 108, ""action"": ""execute""}, {""step"": 6, ""stage"": 2, ""est_request_tokens"": 4091, ""pressure_before_management"": true, ""pressure"": false, ""recovery"": false, ""reported_input_tokens"": 3900, ""cache_read_input_tokens"": 1435, ""cache_creation_input_tokens"": 2357, ""uncached_input_tokens"": 108, ""action"": ""advance""}, {""step"": 7, ""stage"": 3, ""est_request_tokens"": 4448, ""pressure_before_management"": false, ""pressure"": false, ""recovery"": false, ""reported_input_tokens"": 4350, ""cache_read_input_tokens"": 3792, ""cache_creation_input_tokens"": 450, ""uncached_input_tokens"": 108, ""action"": ""execute""}, {""step"": 8, ""stage"": 3, ""est_request_tokens"": 4812, ""pressure_before_management"": false, ""pressure"": false, ""recovery"": false, ""reported_input_tokens"": 4773, ""cache_read_input_tokens"": 4242, ""cache_creation_input_tokens"": 423, ""uncached_input_tokens"": 108, ""action"": ""execute""}, {""step"": 9, ""stage"": 3, ""est_request_tokens"": 5398, ""pressure_before_management"": false, ""pressure"": false, ""recovery"": false, ""reported_input_tokens"": 5449, ""cache_read_input_tokens"": 4665, ""cache_creation_input_tokens"": 676, ""uncached_input_tokens"": 108, ""action"": ""advance""}, {""step"": 10, ""stage"": 4, ""est_request_tokens"": 4222, ""pressure_before_management"": true, ""pressure"": false, ""recovery"": false, ""reported_input_tokens"": 4180, ""cache_read_input_tokens"": 1435, ""cache_creation_input_tokens"": 2637, ""uncached_input_tokens"": 108, ""action"": ""execute""}, {""step"": 11, ""stage"": 4, ""est_request_tokens"": 5163, ""pressure_before_management"": false, ""pressure"": false, ""recovery"": false, ""reported_input_tokens"": 5223, ""cache_read_input_tokens"": 4072, ""cache_creation_input_tokens"": 1043, ""uncached_input_tokens"": 108, ""action"": ""execute""}, {""step"": 12, ""stage"": 4, ""est_request_tokens"": 3983, ""pressure_before_management"": true, ""pressure"": false, ""recovery"": false, ""reported_input_tokens"": 4037, ""cache_read_input_tokens"": 1435, ""cache_creation_input_tokens"": 2494, ""uncached_input_tokens"": 108, ""action"": ""final""}]"
20261005T003655-clm-cacheoff-coding-eval-4-f248,evaluation,0.20992,clm,coding-eval-4,completed,True,correct,True,invoice-checks/1,correct,True,invoice-checks/1,True,28,28,0,,,4,4,0,16,16,0,8,8,0,11,11,0,0,0,7,4,4,0,0,0,0,34910,3514,4251,0.20992,56.3,2026-10-04.1,723966d3b0cee90813a8773fcd4382932adcc8108c7bcce64e55777abf7aa7ed,blocks/1,off,,run-tag/1,0,0,0,45.755,0.20992,0,0,34910,45.755,,,,,,4,4,,,"[3, 5, 8, 11]",[],[],[],3,1,9,5,3,0,"[{""step"": 1, ""stage"": 1, ""est_request_tokens"": 1441, ""pressure_before_management"": false, ""pressure"": false, ""recovery"": false, ""reported_input_tokens"": 1829, ""cache_read_input_tokens"": 0, ""cache_creation_input_tokens"": 0, ""uncached_input_tokens"": 1829, ""action"": ""execute""}, {""step"": 2, ""stage"": 1, ""est_request_tokens"": 2621, ""pressure_before_management"": false, ""pressure"": false, ""recovery"": false, ""reported_input_tokens"": 3054, ""cache_read_input_tokens"": 0, ""cache_creation_input_tokens"": 0, ""uncached_input_tokens"": 3054, ""action"": ""execute""}, {""step"": 3, ""stage"": 1, ""est_request_tokens"": 2529, ""pressure_before_management"": false, ""pressure"": false, ""recovery"": false, ""reported_input_tokens"": 2812, ""cache_read_input_tokens"": 0, ""cache_creation_input_tokens"": 0, ""uncached_input_tokens"": 2812, ""action"": ""advance""}, {""step"": 4, ""stage"": 2, ""est_request_tokens"": 3020, ""pressure_before_management"": false, ""pressure"": false, ""recovery"": false, ""reported_input_tokens"": 3192, ""cache_read_input_tokens"": 0, ""cache_creation_input_tokens"": 0, ""uncached_input_tokens"": 3192, ""action"": ""execute""}, {""step"": 5, ""stage"": 2, ""est_request_tokens"": 2841, ""pressure_before_management"": false, ""pressure"": false, ""recovery"": false, ""reported_input_tokens"": 2893, ""cache_read_input_tokens"": 0, ""cache_creation_input_tokens"": 0, ""uncached_input_tokens"": 2893, ""action"": ""advance""}, {""step"": 6, ""stage"": 3, ""est_request_tokens"": 3303, ""pressure_before_management"": false, ""pressure"": false, ""recovery"": false, ""reported_input_tokens"": 3343, ""cache_read_input_tokens"": 0, ""cache_creation_input_tokens"": 0, ""uncached_input_tokens"": 3343, ""action"": ""execute""}, {""step"": 7, ""stage"": 3, ""est_request_tokens"": 4012, ""pressure_before_management"": false, ""pressure"": false, ""recovery"": false, ""reported_input_tokens"": 4122, ""cache_read_input_tokens"": 0, ""cache_creation_input_tokens"": 0, ""uncached_input_tokens"": 4122, ""action"": ""execute""}, {""step"": 8, ""stage"": 3, ""est_request_tokens"": 2964, ""pressure_before_management"": false, ""pressure"": false, ""recovery"": false, ""reported_input_tokens"": 2950, ""cache_read_input_tokens"": 0, ""cache_creation_input_tokens"": 0, ""uncached_input_tokens"": 2950, ""action"": ""advance""}, {""step"": 9, ""stage"": 4, ""est_request_tokens"": 3502, ""pressure_before_management"": false, ""pressure"": false, ""recovery"": false, ""reported_input_tokens"": 3454, ""cache_read_input_tokens"": 0, ""cache_creation_input_tokens"": 0, ""uncached_input_tokens"": 3454, ""action"": ""execute""}, {""step"": 10, ""stage"": 4, ""est_request_tokens"": 4164, ""pressure_before_management"": false, ""pressure"": false, ""recovery"": false, ""reported_input_tokens"": 4251, ""cache_read_input_tokens"": 0, ""cache_creation_input_tokens"": 0, ""uncached_input_tokens"": 4251, ""action"": ""execute""}, {""step"": 11, ""stage"": 4, ""est_request_tokens"": 3027, ""pressure_before_management"": false, ""pressure"": false, ""recovery"": false, ""reported_input_tokens"": 3010, ""cache_read_input_tokens"": 0, ""cache_creation_input_tokens"": 0, ""uncached_input_tokens"": 3010, ""action"": ""final""}]"
20261005T003752-summary-cacheoff-coding-eval-4-423f,evaluation,0.360768,summary,coding-eval-4,completed,True,correct,True,invoice-checks/1,correct,True,invoice-checks/1,True,28,28,0,,,4,4,0,16,16,0,8,8,0,14,12,0,2,0,8,0,0,0,2,0,2,57127,6613,5495,0.360768,92.8,2026-10-04.1,723966d3b0cee90813a8773fcd4382932adcc8108c7bcce64e55777abf7aa7ed,blocks/1,off,,run-tag/1,0,0,0,80.83,0.275028,0,0,48177,55.502,0.08574,0,0,8950,25.328,4,4,8,3,[],"[8, 11]",[],[],8,3,5,3,1,0,"[{""step"": 1, ""stage"": 1, ""est_request_tokens"": 1161, ""pressure_before_management"": false, ""pressure"": false, ""recovery"": false, ""reported_input_tokens"": 1537, ""cache_read_input_tokens"": 0, ""cache_creation_input_tokens"": 0, ""uncached_input_tokens"": 1537, ""action"": ""execute""}, {""step"": 2, ""stage"": 1, ""est_request_tokens"": 2264, ""pressure_before_management"": false, ""pressure"": false, ""recovery"": false, ""reported_input_tokens"": 2642, ""cache_read_input_tokens"": 0, ""cache_creation_input_tokens"": 0, ""uncached_input_tokens"": 2642, ""action"": ""execute""}, {""step"": 3, ""stage"": 1, ""est_request_tokens"": 2796, ""pressure_before_management"": false, ""pressure"": false, ""recovery"": false, ""reported_input_tokens"": 3058, ""cache_read_input_tokens"": 0, ""cache_creation_input_tokens"": 0, ""uncached_input_tokens"": 3058, ""action"": ""execute""}, {""step"": 4, ""stage"": 1, ""est_request_tokens"": 3664, ""pressure_before_management"": false, ""pressure"": false, ""recovery"": false, ""reported_input_tokens"": 3916, ""cache_read_input_tokens"": 0, ""cache_creation_input_tokens"": 0, ""uncached_input_tokens"": 3916, ""action"": ""advance""}, {""step"": 5, ""stage"": 2, ""est_request_tokens"": 4159, ""pressure_before_management"": false, ""pressure"": false, ""recovery"": false, ""reported_input_tokens"": 4296, ""cache_read_input_tokens"": 0, ""cache_creation_input_tokens"": 0, ""uncached_input_tokens"": 4296, ""action"": ""execute""}, {""step"": 6, ""stage"": 2, ""est_request_tokens"": 4937, ""pressure_before_management"": false, ""pressure"": false, ""recovery"": false, ""reported_input_tokens"": 5045, ""cache_read_input_tokens"": 0, ""cache_creation_input_tokens"": 0, ""uncached_input_tokens"": 5045, ""action"": ""advance""}, {""step"": 7, ""stage"": 3, ""est_request_tokens"": 5442, ""pressure_before_management"": false, ""pressure"": false, ""recovery"": false, ""reported_input_tokens"": 5495, ""cache_read_input_tokens"": 0, ""cache_creation_input_tokens"": 0, ""uncached_input_tokens"": 5495, ""action"": ""execute""}, {""step"": 8, ""stage"": 3, ""est_request_tokens"": 3924, ""pressure_before_management"": true, ""pressure"": false, ""recovery"": false, ""reported_input_tokens"": 3870, ""cache_read_input_tokens"": 0, ""cache_creation_input_tokens"": 0, ""uncached_input_tokens"": 3870, ""action"": ""advance""}, {""step"": 9, ""stage"": 4, ""est_request_tokens"": 4451, ""pressure_before_management"": false, ""pressure"": false, ""recovery"": false, ""reported_input_tokens"": 4374, ""cache_read_input_tokens"": 0, ""cache_creation_input_tokens"": 0, ""uncached_input_tokens"": 4374, ""action"": ""execute""}, {""step"": 10, ""stage"": 4, ""est_request_tokens"": 5320, ""pressure_before_management"": false, ""pressure"": false, ""recovery"": false, ""reported_input_tokens"": 5368, ""cache_read_input_tokens"": 0, ""cache_creation_input_tokens"": 0, ""uncached_input_tokens"": 5368, ""action"": ""execute""}, {""step"": 11, ""stage"": 4, ""est_request_tokens"": 3940, ""pressure_before_management"": true, ""pressure"": false, ""recovery"": false, ""reported_input_tokens"": 4052, ""cache_read_input_tokens"": 0, ""cache_creation_input_tokens"": 0, ""uncached_input_tokens"": 4052, ""action"": ""execute""}, {""step"": 12, ""stage"": 4, ""est_request_tokens"": 4404, ""pressure_before_management"": false, ""pressure"": false, ""recovery"": false, ""reported_input_tokens"": 4524, ""cache_read_input_tokens"": 0, ""cache_creation_input_tokens"": 0, ""uncached_input_tokens"": 4524, ""action"": ""final""}]"
20261005T003925-clm-cacheon-coding-eval-4-24a6,evaluation,0.130584,clm,coding-eval-4,completed,True,correct,True,invoice-checks/1,correct,True,invoice-checks/1,True,28,28,0,,,4,4,0,16,16,0,8,8,0,11,11,0,0,0,7,3,3,0,0,0,0,1187,3628,4294,0.130585,63.4,2026-10-04.1,723966d3b0cee90813a8773fcd4382932adcc8108c7bcce64e55777abf7aa7ed,blocks/1,on,5m,run-tag/1,25608,9631,0,52.891,0.130584,25608,9631,1187,52.891,,,,,,4,4,,,"[6, 8, 11]",[],[],[],6,2,6,3,2,0,"[{""step"": 1, ""stage"": 1, ""est_request_tokens"": 1441, ""pressure_before_management"": false, ""pressure"": false, ""recovery"": false, ""reported_input_tokens"": 1827, ""cache_read_input_tokens"": 0, ""cache_creation_input_tokens"": 1720, ""uncached_input_tokens"": 107, ""action"": ""execute""}, {""step"": 2, ""stage"": 1, ""est_request_tokens"": 2401, ""pressure_before_management"": false, ""pressure"": false, ""recovery"": false, ""reported_input_tokens"": 2767, ""cache_read_input_tokens"": 1720, ""cache_creation_input_tokens"": 939, ""uncached_input_tokens"": 108, ""action"": ""execute""}, {""step"": 3, ""stage"": 1, ""est_request_tokens"": 2861, ""pressure_before_management"": false, ""pressure"": false, ""recovery"": false, ""reported_input_tokens"": 3110, ""cache_read_input_tokens"": 2659, ""cache_creation_input_tokens"": 343, ""uncached_input_tokens"": 108, ""action"": ""execute""}, {""step"": 4, ""stage"": 1, ""est_request_tokens"": 3524, ""pressure_before_management"": false, ""pressure"": false, ""recovery"": false, ""reported_input_tokens"": 3775, ""cache_read_input_tokens"": 3002, ""cache_creation_input_tokens"": 665, ""uncached_input_tokens"": 108, ""action"": ""advance""}, {""step"": 5, ""stage"": 2, ""est_request_tokens"": 4008, ""pressure_before_management"": false, ""pressure"": false, ""recovery"": false, ""reported_input_tokens"": 4155, ""cache_read_input_tokens"": 3667, ""cache_creation_input_tokens"": 380, ""uncached_input_tokens"": 108, ""action"": ""execute""}, {""step"": 6, ""stage"": 2, ""est_request_tokens"": 3116, ""pressure_before_management"": false, ""pressure"": false, ""recovery"": false, ""reported_input_tokens"": 3202, ""cache_read_input_tokens"": 1720, ""cache_creation_input_tokens"": 1374, ""uncached_input_tokens"": 108, ""action"": ""advance""}, {""step"": 7, ""stage"": 3, ""est_request_tokens"": 3601, ""pressure_before_management"": false, ""pressure"": false, ""recovery"": false, ""reported_input_tokens"": 3652, ""cache_read_input_tokens"": 3094, ""cache_creation_input_tokens"": 450, ""uncached_input_tokens"": 108, ""action"": ""execute""}, {""step"": 8, ""stage"": 3, ""est_request_tokens"": 2999, ""pressure_before_management"": false, ""pressure"": false, ""recovery"": false, ""reported_input_tokens"": 3009, ""cache_read_input_tokens"": 1720, ""cache_creation_input_tokens"": 1181, ""uncached_input_tokens"": 108, ""action"": ""advance""}, {""step"": 9, ""stage"": 4, ""est_request_tokens"": 3552, ""pressure_before_management"": false, ""pressure"": false, ""recovery"": false, ""reported_input_tokens"": 3513, ""cache_read_input_tokens"": 2901, ""cache_creation_input_tokens"": 504, ""uncached_input_tokens"": 108, ""action"": ""execute""}, {""step"": 10, ""stage"": 4, ""est_request_tokens"": 4208, ""pressure_before_management"": false, ""pressure"": false, ""recovery"": false, ""reported_input_tokens"": 4294, ""cache_read_input_tokens"": 3405, ""cache_creation_input_tokens"": 781, ""uncached_input_tokens"": 108, ""action"": ""execute""}, {""step"": 11, ""stage"": 4, ""est_request_tokens"": 3074, ""pressure_before_management"": false, ""pressure"": false, ""recovery"": false, ""reported_input_tokens"": 3122, ""cache_read_input_tokens"": 1720, ""cache_creation_input_tokens"": 1294, ""uncached_input_tokens"": 108, ""action"": ""final""}]"
